race_id,venue,date,race_no,bets,invest,actual,payout,hit,return,top_scen,phase1,theo_prob_actual,n_scenarios
2420260131020006,宇都宮,2026-02-01,6,6,600,4-5-2,3790,False,0,C_slow×A_kamashi×A_bante_diff,C_slow,0.0,6
2420260131020007,宇都宮,2026-02-01,7,14,1400,4-6-5,6850,False,0,B_chaos×A_kamashi×B_maenokori,B_chaos,0.0,24
2420260131020008,宇都宮,2026-02-01,8,6,600,3-1-7,3810,False,0,A_smooth×A_kamashi×A_bante_diff,A_smooth,0.0,6
2420260131020009,宇都宮,2026-02-01,9,6,600,1-3-6,14030,True,14030,A_smooth×A_kamashi×A_bante_diff,A_smooth,0.13178,6
2420260131020010,宇都宮,2026-02-01,10,14,1400,2-4-3,1320,True,1320,C_slow×A_kamashi×A_bante_diff,C_slow,0.03073,24
2420260131020011,宇都宮,2026-02-01,11,6,600,2-5-1,6420,False,0,C_slow×A_kamashi×A_bante_diff,C_slow,0.0,6
2420260131020012,宇都宮,2026-02-01,12,14,1400,1-3-2,20050,False,0,B_chaos×A_kamashi×A_bante_diff,B_chaos,0.0,24
4720260201010008,松阪,2026-02-01,8,6,600,3-6-1,5620,False,0,C_slow×A_kamashi×A_bante_diff,C_slow,0.0,6
4720260201010009,松阪,2026-02-01,9,6,600,3-1-4,27660,False,0,C_slow×A_kamashi×A_bante_diff,C_slow,0.0,6
4720260201010010,松阪,2026-02-01,10,6,600,5-2-1,5820,True,5820,C_slow×A_kamashi×A_bante_diff,C_slow,0.30028,12
4720260201010011,松阪,2026-02-01,11,6,600,4-6-2,25260,False,0,C_slow×A_kamashi×A_bante_diff,C_slow,0.0,6
4720260201010012,松阪,2026-02-01,12,14,1400,2-7-1,12440,False,0,C_slow×A_kamashi×B_maenokori,C_slow,0.0,24
7320260129040001,小松島,2026-02-01,1,6,600,4-7-3,2610,False,0,C_slow×A_kamashi×A_bante_diff,C_slow,0.0,6
7320260129040002,小松島,2026-02-01,2,6,600,4-3-7,5970,False,0,B_chaos×A_kamashi×A_bante_diff,B_chaos,0.0,6
7320260129040003,小松島,2026-02-01,3,6,600,5-2-8,8570,False,0,C_slow×A_kamashi×A_bante_diff,C_slow,0.0,6
7320260129040004,小松島,2026-02-01,4,6,600,7-1-9,4500,True,4500,C_slow×A_kamashi×A_bante_diff,C_slow,0.31579,6
7320260129040005,小松島,2026-02-01,5,6,600,3-9-8,9790,False,0,C_slow×A_kamashi×A_bante_diff,C_slow,0.0,6
7320260129040006,小松島,2026-02-01,6,6,600,5-4-7,3270,False,0,B_chaos×A_kamashi×A_bante_diff,B_chaos,0.0,6
7320260129040007,小松島,2026-02-01,7,6,600,1-5-6,6130,False,0,C_slow×B_back×A_bante_diff,C_slow,0.0,6
7320260129040008,小松島,2026-02-01,8,6,600,5-1-4,910,False,0,B_chaos×B_back×A_bante_diff,B_chaos,0.0,6
7320260129040009,小松島,2026-02-01,9,6,600,1-7-6,7520,False,0,C_slow×A_kamashi×A_bante_diff,C_slow,0.0,6
7320260129040010,小松島,2026-02-01,10,6,600,1-4-2,1660,False,0,A_smooth×B_back×A_bante_diff,A_smooth,0.0,6
7320260129040011,小松島,2026-02-01,11,6,600,7-2-4,5470,False,0,A_smooth×A_kamashi×A_bante_diff,A_smooth,0.0,6
7320260129040012,小松島,2026-02-01,12,6,600,2-3-8,3820,False,0,B_chaos×A_kamashi×A_bante_diff,B_chaos,0.0,12
2420260131030005,宇都宮,2026-02-02,5,6,600,1-6-4,8580,False,0,C_slow×A_kamashi×A_bante_diff,C_slow,0.0,6
2420260131030006,宇都宮,2026-02-02,6,6,600,7-6-5,36080,False,0,A_smooth×A_kamashi×A_bante_diff,A_smooth,0.0,6
2420260131030007,宇都宮,2026-02-02,7,6,600,7-1-3,13270,False,0,C_slow×A_kamashi×A_bante_diff,C_slow,0.0,6
2420260131030008,宇都宮,2026-02-02,8,6,600,2-5-4,5950,False,0,A_smooth×A_kamashi×A_bante_diff,A_smooth,0.0,6
2420260131030009,宇都宮,2026-02-02,9,6,600,3-2-5,13580,False,0,C_slow×A_kamashi×A_bante_diff,C_slow,0.0,6
2420260131030010,宇都宮,2026-02-02,10,6,600,2-3-7,6680,False,0,C_slow×A_kamashi×A_bante_diff,C_slow,0.0,6
2420260131030012,宇都宮,2026-02-02,12,6,600,2-7-3,34220,False,0,C_slow×A_kamashi×A_bante_diff,C_slow,0.0,6
4720260201020008,松阪,2026-02-02,8,6,600,2-7-5,530,False,0,C_slow×A_kamashi×A_bante_diff,C_slow,0.0,6
4720260201020009,松阪,2026-02-02,9,2,200,1-2-7,2980,False,0,C_slow×A_kamashi×A_bante_diff,C_slow,0.0,18
4720260201020010,松阪,2026-02-02,10,6,600,4-2-1,2880,False,0,B_chaos×A_kamashi×A_bante_diff,B_chaos,0.0,6
4720260201020011,松阪,2026-02-02,11,6,600,1-7-3,2280,False,0,C_slow×A_kamashi×A_bante_diff,C_slow,0.0,6
4720260201020012,松阪,2026-02-02,12,14,1400,5-1-2,660,False,0,C_slow×A_kamashi×B_maenokori,C_slow,0.0,24
2720260203010006,京王閣,2026-02-03,6,6,600,7-1-2,860,False,0,B_chaos×A_kamashi×A_bante_diff,B_chaos,0.0,6
2720260203010007,京王閣,2026-02-03,7,2,200,2-1-4,8580,False,0,B_chaos×A_kamashi×A_bante_diff,B_chaos,0.0,18
2720260203010008,京王閣,2026-02-03,8,6,600,2-3-6,45210,False,0,C_slow×A_kamashi×A_bante_diff,C_slow,0.0,6
2720260203010009,京王閣,2026-02-03,9,6,600,2-4-6,3620,False,0,B_chaos×A_kamashi×A_bante_diff,B_chaos,0.0,6
2720260203010010,京王閣,2026-02-03,10,6,600,7-6-1,9130,False,0,C_slow×A_kamashi×A_bante_diff,C_slow,0.0,6
2720260203010011,京王閣,2026-02-03,11,6,600,4-1-7,830,False,0,C_slow×B_back×A_bante_diff,C_slow,0.0,6
2720260203010012,京王閣,2026-02-03,12,6,600,1-5-2,2150,False,0,A_smooth×A_kamashi×A_bante_diff,A_smooth,0.0,12
4720260201030006,松阪,2026-02-03,6,6,600,1-4-5,3490,False,0,C_slow×A_kamashi×A_bante_diff,C_slow,0.0,6
4720260201030007,松阪,2026-02-03,7,6,600,5-7-6,78000,False,0,C_slow×A_kamashi×A_bante_diff,C_slow,0.0,6
4720260201030008,松阪,2026-02-03,8,6,600,5-3-6,12860,False,0,A_smooth×A_kamashi×A_bante_diff,A_smooth,0.0,6
4720260201030009,松阪,2026-02-03,9,6,600,6-1-7,258080,False,0,C_slow×A_kamashi×A_bante_diff,C_slow,0.0,6
4720260201030012,松阪,2026-02-03,12,14,1400,4-7-1,2350,False,0,C_slow×A_kamashi×B_maenokori,C_slow,0.0,24
2720260203020006,京王閣,2026-02-04,6,2,200,3-4-7,1320,False,0,C_slow×A_kamashi×A_bante_diff,C_slow,0.0,18
2720260203020007,京王閣,2026-02-04,7,6,600,5-2-3,12200,True,12200,B_chaos×A_kamashi×A_bante_diff,B_chaos,0.21758,6
2720260203020008,京王閣,2026-02-04,8,6,600,4-1-2,6850,False,0,C_slow×A_kamashi×A_bante_diff,C_slow,0.0,6
2720260203020009,京王閣,2026-02-04,9,6,600,2-5-4,12820,True,12820,C_slow×A_kamashi×A_bante_diff,C_slow,0.21053,6
2720260203020010,京王閣,2026-02-04,10,6,600,5-4-6,172860,False,0,C_slow×A_kamashi×A_bante_diff,C_slow,0.0,6
2720260203020011,京王閣,2026-02-04,11,6,600,3-5-6,38490,False,0,C_slow×A_kamashi×A_bante_diff,C_slow,0.0,6
2720260203020012,京王閣,2026-02-04,12,6,600,4-1-7,7110,False,0,A_smooth×B_back×A_bante_diff,A_smooth,0.0,6
3120260204010006,松戸,2026-02-04,6,6,600,5-2-7,1330,False,0,C_slow×B_back×A_bante_diff,C_slow,0.0,6
3120260204010007,松戸,2026-02-04,7,6,600,2-4-3,1700,True,1700,A_smooth×B_back×A_bante_diff,A_smooth,0.05857,6
3120260204010008,松戸,2026-02-04,8,6,600,5-7-1,81830,False,0,C_slow×B_back×A_bante_diff,C_slow,0.0,6
3120260204010009,松戸,2026-02-04,9,6,600,1-7-4,220,False,0,C_slow×B_back×A_bante_diff,C_slow,0.0,6
3120260204010010,松戸,2026-02-04,10,6,600,5-2-3,470,False,0,A_smooth×B_back×A_bante_diff,A_smooth,0.0,6
3120260204010011,松戸,2026-02-04,11,6,600,3-2-7,6030,False,0,C_slow×B_back×A_bante_diff,C_slow,0.0,6
3120260204010012,松戸,2026-02-04,12,6,600,4-5-7,4690,False,0,A_smooth×B_back×A_bante_diff,A_smooth,0.0,6
2720260203030005,京王閣,2026-02-05,5,6,600,1-5-4,1310,False,0,B_chaos×A_kamashi×A_bante_diff,B_chaos,0.0,6
2720260203030006,京王閣,2026-02-05,6,6,600,7-5-3,6960,True,6960,C_slow×A_kamashi×A_bante_diff,C_slow,0.07895,6
2720260203030007,京王閣,2026-02-05,7,6,600,4-2-1,8110,False,0,C_slow×A_kamashi×A_bante_diff,C_slow,0.0,6
2720260203030008,京王閣,2026-02-05,8,6,600,7-1-2,6670,False,0,C_slow×A_kamashi×A_bante_diff,C_slow,0.0,6
2720260203030009,京王閣,2026-02-05,9,6,600,3-5-2,3200,True,3200,C_slow×A_kamashi×A_bante_diff,C_slow,0.21053,6
2720260203030010,京王閣,2026-02-05,10,6,600,4-5-1,19590,True,19590,C_slow×A_kamashi×A_bante_diff,C_slow,0.17763,6
2720260203030012,京王閣,2026-02-05,12,6,600,1-4-3,340,False,0,C_slow×B_back×A_bante_diff,C_slow,0.0,6
3120260204020006,松戸,2026-02-05,6,6,600,5-7-4,2860,False,0,A_smooth×B_back×A_bante_diff,A_smooth,0.0,6
3120260204020007,松戸,2026-02-05,7,6,600,4-1-2,1780,False,0,A_smooth×B_back×A_bante_diff,A_smooth,0.0,6
3120260204020008,松戸,2026-02-05,8,6,600,1-2-4,3180,False,0,C_slow×B_back×A_bante_diff,C_slow,0.0,6
3120260204020009,松戸,2026-02-05,9,6,600,7-6-4,20010,False,0,A_smooth×B_back×A_bante_diff,A_smooth,0.0,6
3120260204020010,松戸,2026-02-05,10,6,600,4-5-1,17020,False,0,C_slow×B_back×A_bante_diff,C_slow,0.0,6
3120260204020011,松戸,2026-02-05,11,6,600,7-2-4,1780,False,0,C_slow×B_back×A_bante_diff,C_slow,0.0,6
3120260204020012,松戸,2026-02-05,12,6,600,2-6-4,8100,True,8100,A_smooth×B_back×A_bante_diff,A_smooth,0.13178,6
5320260205010001,奈良,2026-02-05,1,6,600,1-5-6,960,False,0,C_slow×B_back×A_bante_diff,C_slow,0.0,6
5320260205010002,奈良,2026-02-05,2,6,600,2-9-5,3720,True,3720,C_slow×B_back×A_bante_diff,C_slow,0.31579,6
5320260205010003,奈良,2026-02-05,3,6,600,1-9-3,2590,False,0,A_smooth×A_kamashi×A_bante_diff,A_smooth,0.0,6
5320260205010004,奈良,2026-02-05,4,6,600,1-4-7,35470,False,0,C_slow×B_back×A_bante_diff,C_slow,0.0,6
5320260205010005,奈良,2026-02-05,5,2,200,2-3-1,16030,False,0,C_slow×A_kamashi×A_bante_diff,C_slow,0.0,18
5320260205010006,奈良,2026-02-05,6,6,600,7-2-1,157380,False,0,C_slow×A_kamashi×A_bante_diff,C_slow,0.0,6
5320260205010007,奈良,2026-02-05,7,6,600,7-1-5,8810,False,0,C_slow×B_back×A_bante_diff,C_slow,0.0,6
5320260205010008,奈良,2026-02-05,8,6,600,9-5-3,15440,False,0,C_slow×B_back×A_bante_diff,C_slow,0.0,18
5320260205010009,奈良,2026-02-05,9,6,600,4-7-5,7850,False,0,C_slow×B_back×A_bante_diff,C_slow,0.0,6
5320260205010010,奈良,2026-02-05,10,6,600,1-7-2,1970,False,0,C_slow×A_kamashi×A_bante_diff,C_slow,0.0,6
5320260205010011,奈良,2026-02-05,11,6,600,5-7-9,1180,False,0,B_chaos×B_back×A_bante_diff,B_chaos,0.0,6
5320260205010012,奈良,2026-02-05,12,6,600,1-5-2,5590,False,0,C_slow×B_back×A_bante_diff,C_slow,0.0,6
3120260204030005,松戸,2026-02-06,5,6,600,4-1-3,340,False,0,A_smooth×B_back×A_bante_diff,A_smooth,0.0,6
3120260204030006,松戸,2026-02-06,6,6,600,5-4-3,1330,False,0,A_smooth×B_back×A_bante_diff,A_smooth,0.0,6
3120260204030008,松戸,2026-02-06,8,6,600,5-3-1,1440,False,0,A_smooth×B_back×A_bante_diff,A_smooth,0.0,6
3120260204030009,松戸,2026-02-06,9,6,600,7-4-3,4190,True,4190,C_slow×B_back×A_bante_diff,C_slow,0.21053,6
3120260204030010,松戸,2026-02-06,10,6,600,3-7-1,5900,False,0,A_smooth×B_back×A_bante_diff,A_smooth,0.0,6
3120260204030012,松戸,2026-02-06,12,6,600,3-6-7,26830,False,0,A_smooth×B_back×A_bante_diff,A_smooth,0.0,6
5320260205020001,奈良,2026-02-06,1,6,600,1-9-5,2560,False,0,C_slow×A_kamashi×A_bante_diff,C_slow,0.0,6
5320260205020002,奈良,2026-02-06,2,6,600,9-1-3,6650,False,0,C_slow×B_back×A_bante_diff,C_slow,0.0,6
5320260205020003,奈良,2026-02-06,3,6,600,9-3-4,1680,False,0,C_slow×B_back×A_bante_diff,C_slow,0.0,6
5320260205020004,奈良,2026-02-06,4,6,600,1-4-9,27260,False,0,C_slow×A_kamashi×A_bante_diff,C_slow,0.0,6
5320260205020005,奈良,2026-02-06,5,6,600,7-9-5,84250,False,0,A_smooth×A_kamashi×A_bante_diff,A_smooth,0.0,6
5320260205020006,奈良,2026-02-06,6,6,600,5-3-2,41730,False,0,C_slow×B_back×A_bante_diff,C_slow,0.0,6
5320260205020007,奈良,2026-02-06,7,6,600,7-9-2,23460,False,0,C_slow×A_kamashi×A_bante_diff,C_slow,0.0,6
5320260205020008,奈良,2026-02-06,8,6,600,4-9-2,28930,False,0,C_slow×B_back×A_bante_diff,C_slow,0.0,6
5320260205020009,奈良,2026-02-06,9,6,600,7-1-5,2200,False,0,C_slow×B_back×A_bante_diff,C_slow,0.0,6
5320260205020010,奈良,2026-02-06,10,6,600,9-2-1,16760,False,0,C_slow×A_kamashi×A_bante_diff,C_slow,0.0,6
5320260205020011,奈良,2026-02-06,11,6,600,7-2-9,18260,False,0,C_slow×B_back×A_bante_diff,C_slow,0.0,6
5320260205020012,奈良,2026-02-06,12,6,600,1-4-3,12770,False,0,C_slow×B_back×A_bante_diff,C_slow,0.0,6
4320260207010008,岐阜,2026-02-07,8,6,600,3-5-6,7180,False,0,B_chaos×A_kamashi×A_bante_diff,B_chaos,0.0,6
4320260207010009,岐阜,2026-02-07,9,6,600,1-4-2,4820,False,0,B_chaos×A_kamashi×A_bante_diff,B_chaos,0.0,6
4320260207010010,岐阜,2026-02-07,10,6,600,1-7-3,8240,False,0,C_slow×A_kamashi×A_bante_diff,C_slow,0.0,6
4320260207010011,岐阜,2026-02-07,11,6,600,1-7-2,3770,False,0,C_slow×A_kamashi×A_bante_diff,C_slow,0.0,6
4320260207010012,岐阜,2026-02-07,12,6,600,4-1-3,5040,False,0,C_slow×A_kamashi×A_bante_diff,C_slow,0.0,6
5320260205030001,奈良,2026-02-07,1,6,600,3-4-7,24030,False,0,C_slow×B_back×A_bante_diff,C_slow,0.0,6
5320260205030002,奈良,2026-02-07,2,6,600,8-1-3,17920,False,0,C_slow×B_back×A_bante_diff,C_slow,0.0,6
5320260205030003,奈良,2026-02-07,3,6,600,9-1-4,13080,True,13080,C_slow×B_back×A_bante_diff,C_slow,0.07895,6
5320260205030004,奈良,2026-02-07,4,6,600,7-4-9,99130,False,0,C_slow×B_back×A_bante_diff,C_slow,0.0,6
5320260205030005,奈良,2026-02-07,5,6,600,2-5-3,10090,False,0,C_slow×A_kamashi×A_bante_diff,C_slow,0.0,6
5320260205030006,奈良,2026-02-07,6,6,600,9-5-2,1580,False,0,C_slow×A_kamashi×A_bante_diff,C_slow,0.0,6
5320260205030007,奈良,2026-02-07,7,6,600,7-1-6,23510,False,0,C_slow×B_back×A_bante_diff,C_slow,0.0,6
5320260205030008,奈良,2026-02-07,8,6,600,5-1-7,6170,False,0,C_slow×A_kamashi×A_bante_diff,C_slow,0.0,6
5320260205030009,奈良,2026-02-07,9,6,600,1-5-8,7300,False,0,C_slow×B_back×A_bante_diff,C_slow,0.0,6
5320260205030010,奈良,2026-02-07,10,6,600,6-5-4,56810,False,0,C_slow×A_kamashi×A_bante_diff,C_slow,0.0,6
5320260205030011,奈良,2026-02-07,11,6,600,9-5-1,3110,False,0,C_slow×A_kamashi×A_bante_diff,C_slow,0.0,6
5320260205030012,奈良,2026-02-07,12,6,600,2-1-5,9440,False,0,C_slow×B_back×A_bante_diff,C_slow,0.0,6
8120260207010006,小倉,2026-02-07,6,14,1400,2-7-4,1400,False,0,C_slow×A_kamashi×A_bante_diff,C_slow,0.0,24
8120260207010007,小倉,2026-02-07,7,6,600,7-2-6,4240,False,0,B_chaos×A_kamashi×A_bante_diff,B_chaos,0.0,6
8120260207010008,小倉,2026-02-07,8,6,600,4-3-5,24860,False,0,C_slow×A_kamashi×A_bante_diff,C_slow,0.0,6
8120260207010009,小倉,2026-02-07,9,6,600,3-4-7,9410,False,0,C_slow×A_kamashi×A_bante_diff,C_slow,0.0,6
8120260207010010,小倉,2026-02-07,10,6,600,3-7-1,28390,True,28390,A_smooth×A_kamashi×A_bante_diff,A_smooth,0.05857,6
8120260207010011,小倉,2026-02-07,11,6,600,4-5-1,3990,False,0,C_slow×A_kamashi×A_bante_diff,C_slow,0.0,6
8120260207010012,小倉,2026-02-07,12,6,600,1-4-7,1120,False,0,C_slow×A_kamashi×A_bante_diff,C_slow,0.0,6
4320260207020008,岐阜,2026-02-08,8,6,600,1-5-4,12980,False,0,A_smooth×A_kamashi×A_bante_diff,A_smooth,0.0,6
4320260207020009,岐阜,2026-02-08,9,6,600,1-4-5,270,False,0,A_smooth×A_kamashi×A_bante_diff,A_smooth,0.0,6
4320260207020010,岐阜,2026-02-08,10,6,600,4-3-7,6870,False,0,C_slow×A_kamashi×A_bante_diff,C_slow,0.0,6
4320260207020011,岐阜,2026-02-08,11,6,600,3-5-7,760,False,0,C_slow×A_kamashi×A_bante_diff,C_slow,0.0,6
4320260207020012,岐阜,2026-02-08,12,6,600,7-4-1,1600,False,0,C_slow×A_kamashi×A_bante_diff,C_slow,0.0,6
5320260205040001,奈良,2026-02-08,1,6,600,6-1-5,620,False,0,B_chaos×A_kamashi×A_bante_diff,B_chaos,0.0,6
5320260205040002,奈良,2026-02-08,2,6,600,4-2-1,29170,False,0,C_slow×A_kamashi×A_bante_diff,C_slow,0.0,6
5320260205040003,奈良,2026-02-08,3,6,600,4-2-3,11120,False,0,A_smooth×A_kamashi×A_bante_diff,A_smooth,0.0,6
5320260205040004,奈良,2026-02-08,4,6,600,2-8-9,65260,False,0,C_slow×A_kamashi×A_bante_diff,C_slow,0.0,6
5320260205040005,奈良,2026-02-08,5,6,600,2-5-8,7260,False,0,C_slow×A_kamashi×A_bante_diff,C_slow,0.0,6
5320260205040006,奈良,2026-02-08,6,6,600,3-7-8,5740,True,5740,C_slow×A_kamashi×A_bante_diff,C_slow,0.31579,6
5320260205040007,奈良,2026-02-08,7,6,600,2-4-5,12250,True,12250,C_slow×B_back×A_bante_diff,C_slow,0.15789,6
5320260205040008,奈良,2026-02-08,8,6,600,2-4-9,2330,True,2330,C_slow×A_kamashi×A_bante_diff,C_slow,0.31579,6
5320260205040009,奈良,2026-02-08,9,6,600,8-2-7,5400,False,0,C_slow×B_back×A_bante_diff,C_slow,0.0,6
5320260205040010,奈良,2026-02-08,10,6,600,9-7-4,71820,False,0,C_slow×B_back×A_bante_diff,C_slow,0.0,6
5320260205040011,奈良,2026-02-08,11,6,600,7-4-3,26670,False,0,C_slow×A_kamashi×A_bante_diff,C_slow,0.0,6
5320260205040012,奈良,2026-02-08,12,6,600,9-2-8,26970,False,0,C_slow×B_back×A_bante_diff,C_slow,0.0,6
8120260207020006,小倉,2026-02-08,6,6,600,1-2-3,4800,False,0,C_slow×A_kamashi×A_bante_diff,C_slow,0.0,6
8120260207020007,小倉,2026-02-08,7,6,600,3-4-1,1030,False,0,C_slow×A_kamashi×A_bante_diff,C_slow,0.0,6
8120260207020008,小倉,2026-02-08,8,6,600,4-1-7,1610,True,1610,C_slow×A_kamashi×A_bante_diff,C_slow,0.31579,6
8120260207020009,小倉,2026-02-08,9,6,600,7-4-3,8090,False,0,C_slow×A_kamashi×A_bante_diff,C_slow,0.0,6
8120260207020010,小倉,2026-02-08,10,6,600,7-3-2,9800,False,0,C_slow×A_kamashi×A_bante_diff,C_slow,0.0,6
8120260207020011,小倉,2026-02-08,11,6,600,1-5-4,830,False,0,C_slow×A_kamashi×A_bante_diff,C_slow,0.0,6
8120260207020012,小倉,2026-02-08,12,6,600,1-5-6,36850,False,0,C_slow×A_kamashi×A_bante_diff,C_slow,0.0,6
2820260209010006,立川,2026-02-09,6,6,600,5-1-4,4780,False,0,C_slow×A_kamashi×A_bante_diff,C_slow,0.0,6
2820260209010008,立川,2026-02-09,8,6,600,5-3-2,2470,False,0,C_slow×A_kamashi×A_bante_diff,C_slow,0.0,6
2820260209010009,立川,2026-02-09,9,6,600,2-5-7,940,False,0,C_slow×A_kamashi×A_bante_diff,C_slow,0.0,6
2820260209010010,立川,2026-02-09,10,6,600,7-3-1,2920,True,2920,B_chaos×A_kamashi×A_bante_diff,B_chaos,0.30769,6
2820260209010011,立川,2026-02-09,11,6,600,5-2-4,2830,False,0,A_smooth×A_kamashi×A_bante_diff,A_smooth,0.0,6
2820260209010012,立川,2026-02-09,12,6,600,7-5-4,3860,False,0,B_chaos×A_kamashi×A_bante_diff,B_chaos,0.0,6
3520260209010008,平塚,2026-02-09,8,6,600,7-3-6,1040,False,0,A_smooth×A_kamashi×A_bante_diff,A_smooth,0.0,6
3520260209010009,平塚,2026-02-09,9,6,600,2-7-1,12140,False,0,C_slow×A_kamashi×A_bante_diff,C_slow,0.0,12
3520260209010010,平塚,2026-02-09,10,6,600,5-1-2,9240,False,0,A_smooth×A_kamashi×A_bante_diff,A_smooth,0.0,6
3520260209010011,平塚,2026-02-09,11,6,600,5-1-2,5210,False,0,C_slow×A_kamashi×A_bante_diff,C_slow,0.0,6
3520260209010012,平塚,2026-02-09,12,6,600,7-2-3,4500,False,0,A_smooth×A_kamashi×A_bante_diff,A_smooth,0.0,6
4320260207030006,岐阜,2026-02-09,6,6,600,5-2-1,14720,False,0,C_slow×A_kamashi×A_bante_diff,C_slow,0.0,6
4320260207030007,岐阜,2026-02-09,7,6,600,4-7-2,1100,False,0,B_chaos×A_kamashi×A_bante_diff,B_chaos,0.0,6
4320260207030008,岐阜,2026-02-09,8,6,600,3-5-7,1390,False,0,B_chaos×A_kamashi×A_bante_diff,B_chaos,0.0,6
4320260207030009,岐阜,2026-02-09,9,6,600,7-5-1,21960,False,0,B_chaos×A_kamashi×A_bante_diff,B_chaos,0.0,6
4320260207030012,岐阜,2026-02-09,12,6,600,1-5-6,20540,False,0,C_slow×A_kamashi×A_bante_diff,C_slow,0.0,6
8120260207030005,小倉,2026-02-09,5,6,600,1-5-3,1720,False,0,A_smooth×A_kamashi×A_bante_diff,A_smooth,0.0,6
8120260207030006,小倉,2026-02-09,6,6,600,3-7-2,890,False,0,B_chaos×A_kamashi×A_bante_diff,B_chaos,0.0,6
8120260207030007,小倉,2026-02-09,7,6,600,7-1-5,590,False,0,C_slow×A_kamashi×A_bante_diff,C_slow,0.0,6
8120260207030008,小倉,2026-02-09,8,6,600,5-2-1,4390,False,0,C_slow×A_kamashi×A_bante_diff,C_slow,0.0,6
8120260207030009,小倉,2026-02-09,9,6,600,6-2-1,8530,False,0,C_slow×A_kamashi×A_bante_diff,C_slow,0.0,6
8120260207030010,小倉,2026-02-09,10,6,600,1-4-7,510,False,0,C_slow×A_kamashi×A_bante_diff,C_slow,0.0,6
8120260207030012,小倉,2026-02-09,12,6,600,7-1-2,1270,False,0,C_slow×A_kamashi×A_bante_diff,C_slow,0.0,6
2820260209020006,立川,2026-02-10,6,6,600,4-1-2,5560,False,0,A_smooth×A_kamashi×A_bante_diff,A_smooth,0.0,6
2820260209020007,立川,2026-02-10,7,6,600,2-6-3,6170,False,0,A_smooth×A_kamashi×A_bante_diff,A_smooth,0.0,6
2820260209020008,立川,2026-02-10,8,6,600,5-3-2,11060,False,0,C_slow×A_kamashi×A_bante_diff,C_slow,0.0,6
2820260209020009,立川,2026-02-10,9,6,600,7-4-2,530,False,0,A_smooth×A_kamashi×A_bante_diff,A_smooth,0.0,6
2820260209020010,立川,2026-02-10,10,6,600,2-5-1,2050,True,2050,C_slow×A_kamashi×A_bante_diff,C_slow,0.31579,6
2820260209020011,立川,2026-02-10,11,6,600,4-2-5,1230,False,0,C_slow×A_kamashi×A_bante_diff,C_slow,0.0,6
2820260209020012,立川,2026-02-10,12,6,600,1-4-2,14180,False,0,A_smooth×A_kamashi×A_bante_diff,A_smooth,0.0,6
3520260209020008,平塚,2026-02-10,8,2,200,3-5-1,1070,False,0,A_smooth×A_kamashi×A_bante_diff,A_smooth,0.0,18
3520260209020009,平塚,2026-02-10,9,6,600,6-2-1,16140,False,0,C_slow×A_kamashi×A_bante_diff,C_slow,0.0,6
3520260209020010,平塚,2026-02-10,10,6,600,2-7-5,6380,False,0,A_smooth×A_kamashi×A_bante_diff,A_smooth,0.0,6
3520260209020011,平塚,2026-02-10,11,6,600,2-7-1,10030,False,0,A_smooth×A_kamashi×A_bante_diff,A_smooth,0.0,12
3520260209020012,平塚,2026-02-10,12,14,1400,7-1-5,1300,True,1300,B_chaos×A_kamashi×B_maenokori,B_chaos,0.00662,24
7420260210010008,高知,2026-02-10,8,6,600,7-2-3,2300,False,0,A_smooth×B_back×A_bante_diff,A_smooth,0.0,6
7420260210010009,高知,2026-02-10,9,6,600,1-7-3,710,False,0,B_chaos×B_back×A_bante_diff,B_chaos,0.0,6
7420260210010010,高知,2026-02-10,10,6,600,1-7-4,310,False,0,A_smooth×B_back×A_bante_diff,A_smooth,0.0,6
7420260210010011,高知,2026-02-10,11,6,600,3-1-4,12620,False,0,C_slow×B_back×A_bante_diff,C_slow,0.0,6
7420260210010012,高知,2026-02-10,12,6,600,1-5-6,8090,False,0,B_chaos×B_back×A_bante_diff,B_chaos,0.0,6
2820260209030005,立川,2026-02-11,5,6,600,2-6-5,1070,False,0,A_smooth×A_kamashi×A_bante_diff,A_smooth,0.0,6
2820260209030006,立川,2026-02-11,6,6,600,4-5-3,6160,False,0,C_slow×A_kamashi×A_bante_diff,C_slow,0.0,6
2820260209030007,立川,2026-02-11,7,6,600,4-1-7,8950,False,0,A_smooth×A_kamashi×A_bante_diff,A_smooth,0.0,6
2820260209030009,立川,2026-02-11,9,6,600,4-6-2,9940,False,0,C_slow×A_kamashi×A_bante_diff,C_slow,0.0,6
2820260209030010,立川,2026-02-11,10,6,600,5-7-1,16380,False,0,B_chaos×A_kamashi×A_bante_diff,B_chaos,0.0,6
2820260209030011,立川,2026-02-11,11,6,600,1-5-7,3570,False,0,C_slow×A_kamashi×A_bante_diff,C_slow,0.0,6
2820260209030012,立川,2026-02-11,12,6,600,1-5-4,3280,False,0,C_slow×A_kamashi×A_bante_diff,C_slow,0.0,6
3520260209030006,平塚,2026-02-11,6,6,600,5-2-3,9560,False,0,A_smooth×A_kamashi×A_bante_diff,A_smooth,0.0,6
3520260209030007,平塚,2026-02-11,7,6,600,2-7-4,42030,False,0,A_smooth×A_kamashi×A_bante_diff,A_smooth,0.0,6
3520260209030008,平塚,2026-02-11,8,6,600,2-4-1,76500,False,0,C_slow×A_kamashi×A_bante_diff,C_slow,0.0,6
3520260209030009,平塚,2026-02-11,9,6,600,5-1-3,2200,False,0,B_chaos×A_kamashi×A_bante_diff,B_chaos,0.0,6
3520260209030012,平塚,2026-02-11,12,6,600,5-4-1,500,False,0,C_slow×A_kamashi×A_bante_diff,C_slow,0.0,6
7420260210020006,高知,2026-02-11,6,0,0,7-1-4,2000,False,0,C_slow×B_back×A_bante_diff,C_slow,0.0,18
7420260210020007,高知,2026-02-11,7,0,0,4-3-2,350,False,0,A_smooth×B_back×A_bante_diff,A_smooth,0.0,18
7420260210020008,高知,2026-02-11,8,6,600,3-2-5,3260,False,0,C_slow×B_back×A_bante_diff,C_slow,0.0,6
7420260210020009,高知,2026-02-11,9,6,600,2-6-3,18410,False,0,C_slow×B_back×A_bante_diff,C_slow,0.0,6
7420260210020010,高知,2026-02-11,10,6,600,3-7-4,7290,False,0,A_smooth×B_back×A_bante_diff,A_smooth,0.0,6
7420260210020011,高知,2026-02-11,11,6,600,4-1-5,660,False,0,C_slow×B_back×A_bante_diff,C_slow,0.0,6
7420260210020012,高知,2026-02-11,12,6,600,2-6-5,2110,False,0,C_slow×B_back×A_bante_diff,C_slow,0.0,6
3820260212010001,静岡,2026-02-12,1,6,600,7-1-3,1670,False,0,C_slow×A_kamashi×A_bante_diff,C_slow,0.0,6
3820260212010002,静岡,2026-02-12,2,6,600,7-5-2,2550,False,0,C_slow×A_kamashi×A_bante_diff,C_slow,0.0,6
3820260212010003,静岡,2026-02-12,3,6,600,3-2-5,3520,False,0,C_slow×B_back×A_bante_diff,C_slow,0.0,6
3820260212010004,静岡,2026-02-12,4,6,600,3-9-2,2900,False,0,C_slow×A_kamashi×A_bante_diff,C_slow,0.0,6
3820260212010005,静岡,2026-02-12,5,6,600,3-4-1,141130,False,0,C_slow×B_back×A_bante_diff,C_slow,0.0,6
3820260212010006,静岡,2026-02-12,6,6,600,7-5-1,5700,False,0,C_slow×A_kamashi×A_bante_diff,C_slow,0.0,6
3820260212010007,静岡,2026-02-12,7,6,600,1-9-7,11900,False,0,C_slow×A_kamashi×A_bante_diff,C_slow,0.0,6
3820260212010008,静岡,2026-02-12,8,6,600,9-7-2,4070,False,0,B_chaos×A_kamashi×A_bante_diff,B_chaos,0.0,6
3820260212010009,静岡,2026-02-12,9,6,600,8-3-5,16870,False,0,C_slow×B_back×A_bante_diff,C_slow,0.0,6
3820260212010010,静岡,2026-02-12,10,6,600,7-1-4,53910,False,0,C_slow×B_back×A_bante_diff,C_slow,0.0,6
3820260212010011,静岡,2026-02-12,11,6,600,7-9-2,5430,False,0,C_slow×B_back×A_bante_diff,C_slow,0.0,6
3820260212010012,静岡,2026-02-12,12,6,600,1-7-8,4270,False,0,C_slow×A_kamashi×A_bante_diff,C_slow,0.0,6
8620260212010006,別府,2026-02-12,6,6,600,4-2-5,4210,False,0,C_slow×A_kamashi×A_bante_diff,C_slow,0.0,6
8620260212010007,別府,2026-02-12,7,6,600,1-4-5,1480,False,0,A_smooth×B_back×A_bante_diff,A_smooth,0.0,6
8620260212010008,別府,2026-02-12,8,6,600,4-7-2,660,False,0,C_slow×A_kamashi×A_bante_diff,C_slow,0.0,6
8620260212010009,別府,2026-02-12,9,14,1400,7-2-1,3510,False,0,A_smooth×A_kamashi×B_maenokori,A_smooth,0.0,24
8620260212010010,別府,2026-02-12,10,6,600,5-1-2,1130,True,1130,C_slow×A_kamashi×A_bante_diff,C_slow,0.21053,6
8620260212010011,別府,2026-02-12,11,6,600,1-2-6,19300,False,0,C_slow×B_back×A_bante_diff,C_slow,0.0,6
8620260212010012,別府,2026-02-12,12,6,600,1-5-4,19240,False,0,A_smooth×A_kamashi×A_bante_diff,A_smooth,0.0,6
3820260212020001,静岡,2026-02-13,1,6,600,2-3-1,73750,False,0,C_slow×A_kamashi×A_bante_diff,C_slow,0.0,6
3820260212020002,静岡,2026-02-13,2,6,600,5-9-2,28480,False,0,C_slow×A_kamashi×A_bante_diff,C_slow,0.0,6
3820260212020003,静岡,2026-02-13,3,6,600,1-9-7,5440,False,0,C_slow×A_kamashi×A_bante_diff,C_slow,0.0,6
3820260212020004,静岡,2026-02-13,4,6,600,9-7-5,49660,False,0,C_slow×A_kamashi×A_bante_diff,C_slow,0.0,6
3820260212020005,静岡,2026-02-13,5,6,600,1-9-5,3570,False,0,C_slow×B_back×A_bante_diff,C_slow,0.0,6
3820260212020006,静岡,2026-02-13,6,14,1400,3-9-8,2340,False,0,C_slow×B_back×B_maenokori,C_slow,0.0,24
3820260212020007,静岡,2026-02-13,7,6,600,7-8-5,9650,False,0,C_slow×B_back×A_bante_diff,C_slow,0.0,6
3820260212020008,静岡,2026-02-13,8,6,600,1-8-3,39320,False,0,C_slow×A_kamashi×A_bante_diff,C_slow,0.0,6
3820260212020009,静岡,2026-02-13,9,14,1400,9-2-1,4180,False,0,C_slow×A_kamashi×B_maenokori,C_slow,0.0,24
3820260212020010,静岡,2026-02-13,10,6,600,7-1-8,1100,False,0,C_slow×A_kamashi×A_bante_diff,C_slow,0.0,6
3820260212020011,静岡,2026-02-13,11,6,600,1-3-7,8300,False,0,A_smooth×A_kamashi×A_bante_diff,A_smooth,0.0,6
3820260212020012,静岡,2026-02-13,12,6,600,1-7-3,580,False,0,C_slow×A_kamashi×A_bante_diff,C_slow,0.0,6
8620260212020006,別府,2026-02-13,6,6,600,4-2-5,13210,False,0,C_slow×A_kamashi×A_bante_diff,C_slow,0.0,6
8620260212020007,別府,2026-02-13,7,6,600,6-1-4,10940,False,0,C_slow×A_kamashi×A_bante_diff,C_slow,0.0,6
8620260212020008,別府,2026-02-13,8,6,600,3-4-5,3090,False,0,C_slow×A_kamashi×A_bante_diff,C_slow,0.0,6
8620260212020009,別府,2026-02-13,9,6,600,4-1-3,4190,False,0,C_slow×A_kamashi×A_bante_diff,C_slow,0.0,6
8620260212020010,別府,2026-02-13,10,6,600,2-1-7,3480,False,0,C_slow×A_kamashi×A_bante_diff,C_slow,0.0,6
8620260212020011,別府,2026-02-13,11,6,600,1-5-6,930,False,0,A_smooth×A_kamashi×A_bante_diff,A_smooth,0.0,6
8620260212020012,別府,2026-02-13,12,6,600,4-3-1,7790,False,0,C_slow×B_back×A_bante_diff,C_slow,0.0,6
2420260214010006,宇都宮,2026-02-14,6,6,600,3-5-7,11690,False,0,A_smooth×A_kamashi×A_bante_diff,A_smooth,0.0,6
2420260214010007,宇都宮,2026-02-14,7,6,600,7-1-2,2700,False,0,C_slow×A_kamashi×A_bante_diff,C_slow,0.0,6
2420260214010008,宇都宮,2026-02-14,8,6,600,1-7-4,13250,True,13250,B_chaos×A_kamashi×A_bante_diff,B_chaos,0.16319,6
2420260214010009,宇都宮,2026-02-14,9,6,600,2-4-7,5340,False,0,C_slow×A_kamashi×A_bante_diff,C_slow,0.0,6
2420260214010010,宇都宮,2026-02-14,10,6,600,4-6-3,40210,False,0,C_slow×A_kamashi×A_bante_diff,C_slow,0.0,6
2420260214010011,宇都宮,2026-02-14,11,6,600,5-3-4,1490,True,1490,A_smooth×A_kamashi×A_bante_diff,A_smooth,0.35575,6
2420260214010012,宇都宮,2026-02-14,12,6,600,3-6-7,2400,False,0,C_slow×A_kamashi×A_bante_diff,C_slow,0.0,6
3820260212030001,静岡,2026-02-14,1,6,600,5-7-1,8140,False,0,C_slow×A_kamashi×A_bante_diff,C_slow,0.0,6
3820260212030002,静岡,2026-02-14,2,6,600,5-9-3,6920,False,0,C_slow×A_kamashi×A_bante_diff,C_slow,0.0,6
3820260212030003,静岡,2026-02-14,3,6,600,3-9-1,11790,False,0,C_slow×A_kamashi×A_bante_diff,C_slow,0.0,6
3820260212030004,静岡,2026-02-14,4,6,600,6-1-9,62750,False,0,C_slow×B_back×A_bante_diff,C_slow,0.0,6
3820260212030005,静岡,2026-02-14,5,6,600,3-4-8,5610,False,0,C_slow×B_back×A_bante_diff,C_slow,0.0,6
3820260212030006,静岡,2026-02-14,6,14,1400,2-7-6,72870,False,0,C_slow×A_kamashi×A_bante_diff,C_slow,0.0,24
3820260212030007,静岡,2026-02-14,7,6,600,1-9-3,22590,False,0,C_slow×A_kamashi×A_bante_diff,C_slow,0.0,6
3820260212030008,静岡,2026-02-14,8,6,600,6-2-3,25530,False,0,C_slow×B_back×A_bante_diff,C_slow,0.0,6
3820260212030009,静岡,2026-02-14,9,6,600,9-8-2,101130,False,0,C_slow×A_kamashi×A_bante_diff,C_slow,0.0,6
3820260212030010,静岡,2026-02-14,10,6,600,1-7-3,4170,False,0,C_slow×A_kamashi×A_bante_diff,C_slow,0.0,6
3820260212030011,静岡,2026-02-14,11,6,600,9-7-5,1110,False,0,C_slow×A_kamashi×A_bante_diff,C_slow,0.0,6
3820260212030012,静岡,2026-02-14,12,14,1400,9-6-5,246010,False,0,A_smooth×B_back×B_maenokori,A_smooth,0.0,24
7320260214010006,小松島,2026-02-14,6,6,600,3-7-1,1250,False,0,C_slow×A_kamashi×A_bante_diff,C_slow,0.0,6
7320260214010007,小松島,2026-02-14,7,6,600,1-7-2,1360,False,0,C_slow×A_kamashi×A_bante_diff,C_slow,0.0,6
7320260214010008,小松島,2026-02-14,8,6,600,1-5-3,1370,False,0,A_smooth×A_kamashi×A_bante_diff,A_smooth,0.0,6
7320260214010009,小松島,2026-02-14,9,6,600,1-3-7,4710,False,0,B_chaos×A_kamashi×A_bante_diff,B_chaos,0.0,6
7320260214010010,小松島,2026-02-14,10,6,600,5-1-4,3940,True,3940,C_slow×A_kamashi×A_bante_diff,C_slow,0.21053,6
7320260214010011,小松島,2026-02-14,11,6,600,2-4-5,293420,False,0,C_slow×B_back×A_bante_diff,C_slow,0.0,6
7320260214010012,小松島,2026-02-14,12,6,600,3-1-4,4770,True,4770,A_smooth×A_kamashi×A_bante_diff,A_smooth,0.07809,6
8620260212030005,別府,2026-02-14,5,6,600,5-1-6,3580,True,3580,C_slow×A_kamashi×A_bante_diff,C_slow,0.31579,6
8620260212030006,別府,2026-02-14,6,6,600,5-2-7,8750,False,0,C_slow×A_kamashi×A_bante_diff,C_slow,0.0,6
8620260212030007,別府,2026-02-14,7,6,600,2-4-3,1880,False,0,C_slow×A_kamashi×A_bante_diff,C_slow,0.0,6
8620260212030009,別府,2026-02-14,9,6,600,1-5-7,6440,False,0,A_smooth×A_kamashi×A_bante_diff,A_smooth,0.0,6
8620260212030010,別府,2026-02-14,10,6,600,3-1-7,27290,False,0,C_slow×A_kamashi×A_bante_diff,C_slow,0.0,6
8620260212030012,別府,2026-02-14,12,6,600,2-7-5,3430,False,0,A_smooth×A_kamashi×A_bante_diff,A_smooth,0.0,6
2420260214020006,宇都宮,2026-02-15,6,6,600,1-7-4,3610,False,0,C_slow×A_kamashi×A_bante_diff,C_slow,0.0,6
2420260214020007,宇都宮,2026-02-15,7,6,600,4-3-6,31260,False,0,C_slow×A_kamashi×A_bante_diff,C_slow,0.0,6
2420260214020008,宇都宮,2026-02-15,8,6,600,1-3-2,8100,False,0,A_smooth×A_kamashi×A_bante_diff,A_smooth,0.0,6
2420260214020009,宇都宮,2026-02-15,9,6,600,2-7-5,10010,False,0,A_smooth×A_kamashi×A_bante_diff,A_smooth,0.0,6
2420260214020010,宇都宮,2026-02-15,10,6,600,5-4-3,1800,False,0,C_slow×A_kamashi×A_bante_diff,C_slow,0.0,6
2420260214020011,宇都宮,2026-02-15,11,6,600,5-1-4,750,False,0,B_chaos×A_kamashi×A_bante_diff,B_chaos,0.0,6
2420260214020012,宇都宮,2026-02-15,12,6,600,1-2-4,3680,False,0,C_slow×A_kamashi×A_bante_diff,C_slow,0.0,6
3820260212040001,静岡,2026-02-15,1,6,600,1-7-5,3670,False,0,C_slow×A_kamashi×A_bante_diff,C_slow,0.0,6
3820260212040002,静岡,2026-02-15,2,6,600,7-5-1,2550,True,2550,B_chaos×A_kamashi×A_bante_diff,B_chaos,0.17308,6
3820260212040003,静岡,2026-02-15,3,6,600,6-1-9,20650,False,0,C_slow×A_kamashi×A_bante_diff,C_slow,0.0,6
3820260212040004,静岡,2026-02-15,4,6,600,7-9-5,3070,True,3070,C_slow×A_kamashi×A_bante_diff,C_slow,0.07895,6
3820260212040005,静岡,2026-02-15,5,6,600,7-3-1,17310,False,0,C_slow×A_kamashi×A_bante_diff,C_slow,0.0,6
3820260212040006,静岡,2026-02-15,6,14,1400,9-1-7,9690,False,0,C_slow×B_back×B_maenokori,C_slow,0.0,24
3820260212040007,静岡,2026-02-15,7,6,600,5-9-7,7520,True,7520,C_slow×A_kamashi×A_bante_diff,C_slow,0.05921,6
3820260212040008,静岡,2026-02-15,8,14,1400,9-1-6,770,False,0,C_slow×B_back×B_maenokori,C_slow,0.0,18
3820260212040009,静岡,2026-02-15,9,14,1400,1-2-4,13210,False,0,C_slow×A_kamashi×A_bante_diff,C_slow,0.0,24
3820260212040010,静岡,2026-02-15,10,6,600,2-8-7,17340,False,0,C_slow×A_kamashi×A_bante_diff,C_slow,0.0,12
3820260212040011,静岡,2026-02-15,11,6,600,9-7-5,71170,False,0,A_smooth×A_kamashi×A_bante_diff,A_smooth,0.0,6
3820260212040012,静岡,2026-02-15,12,6,600,3-8-9,13010,False,0,A_smooth×A_kamashi×A_bante_diff,A_smooth,0.0,6
7320260214020006,小松島,2026-02-15,6,6,600,2-6-4,2120,False,0,C_slow×A_kamashi×A_bante_diff,C_slow,0.0,6
7320260214020007,小松島,2026-02-15,7,6,600,1-5-6,350,False,0,B_chaos×B_back×A_bante_diff,B_chaos,0.0,6
7320260214020008,小松島,2026-02-15,8,6,600,1-4-3,20690,False,0,C_slow×B_back×A_bante_diff,C_slow,0.0,6
7320260214020009,小松島,2026-02-15,9,6,600,3-7-4,4260,False,0,B_chaos×B_back×A_bante_diff,B_chaos,0.0,6
7320260214020010,小松島,2026-02-15,10,6,600,3-4-7,4680,False,0,A_smooth×A_kamashi×A_bante_diff,A_smooth,0.0,6
7320260214020011,小松島,2026-02-15,11,6,600,5-2-6,3830,True,3830,B_chaos×A_kamashi×A_bante_diff,B_chaos,0.21758,6
7320260214020012,小松島,2026-02-15,12,6,600,5-3-1,7110,False,0,C_slow×A_kamashi×A_bante_diff,C_slow,0.0,6
2420260214030005,宇都宮,2026-02-16,5,6,600,2-1-5,3320,False,0,C_slow×A_kamashi×A_bante_diff,C_slow,0.0,6
2420260214030006,宇都宮,2026-02-16,6,6,600,5-2-1,41110,False,0,C_slow×A_kamashi×A_bante_diff,C_slow,0.0,6
2420260214030007,宇都宮,2026-02-16,7,6,600,7-3-4,14800,False,0,C_slow×A_kamashi×A_bante_diff,C_slow,0.0,6
2420260214030008,宇都宮,2026-02-16,8,6,600,1-5-3,3450,False,0,A_smooth×A_kamashi×A_bante_diff,A_smooth,0.0,6
2420260214030009,宇都宮,2026-02-16,9,6,600,1-3-5,12560,False,0,A_smooth×A_kamashi×A_bante_diff,A_smooth,0.0,6
2420260214030010,宇都宮,2026-02-16,10,6,600,1-2-7,3250,False,0,C_slow×A_kamashi×A_bante_diff,C_slow,0.0,6
2420260214030012,宇都宮,2026-02-16,12,6,600,1-4-2,7860,False,0,C_slow×A_kamashi×A_bante_diff,C_slow,0.0,6
4320260216010006,岐阜,2026-02-16,6,6,600,3-7-4,1280,False,0,C_slow×A_kamashi×A_bante_diff,C_slow,0.0,6
4320260216010007,岐阜,2026-02-16,7,6,600,1-6-7,2500,True,2500,C_slow×A_kamashi×A_bante_diff,C_slow,0.20013,12
4320260216010008,岐阜,2026-02-16,8,6,600,1-3-7,3550,False,0,A_smooth×B_back×A_bante_diff,A_smooth,0.0,6
4320260216010009,岐阜,2026-02-16,9,6,600,2-7-1,710,False,0,A_smooth×A_kamashi×A_bante_diff,A_smooth,0.0,6
4320260216010010,岐阜,2026-02-16,10,6,600,7-6-1,212140,False,0,C_slow×A_kamashi×A_bante_diff,C_slow,0.0,6
4320260216010011,岐阜,2026-02-16,11,6,600,1-4-6,1360,False,0,A_smooth×A_kamashi×A_bante_diff,A_smooth,0.0,6
4320260216010012,岐阜,2026-02-16,12,6,600,5-2-3,20840,False,0,A_smooth×A_kamashi×A_bante_diff,A_smooth,0.0,6
7320260214030005,小松島,2026-02-16,5,6,600,4-1-3,1310,False,0,C_slow×B_back×A_bante_diff,C_slow,0.0,6
7320260214030006,小松島,2026-02-16,6,6,600,7-5-3,3200,False,0,A_smooth×B_back×A_bante_diff,A_smooth,0.0,6
7320260214030007,小松島,2026-02-16,7,6,600,5-2-7,45560,False,0,C_slow×A_kamashi×A_bante_diff,C_slow,0.0,6
7320260214030008,小松島,2026-02-16,8,6,600,4-3-2,3880,False,0,B_chaos×B_back×A_bante_diff,B_chaos,0.0,6
7320260214030009,小松島,2026-02-16,9,6,600,2-1-5,4720,False,0,A_smooth×A_kamashi×A_bante_diff,A_smooth,0.0,6
7320260214030010,小松島,2026-02-16,10,2,200,7-4-1,2450,True,2450,A_smooth×A_kamashi×A_bante_diff,A_smooth,0.38462,18
7320260214030012,小松島,2026-02-16,12,2,200,2-6-1,7630,False,0,C_slow×A_kamashi×A_bante_diff,C_slow,0.0,18
2320260217010006,取手,2026-02-17,6,6,600,1-4-2,7340,False,0,C_slow×A_kamashi×A_bante_diff,C_slow,0.0,6
2320260217010007,取手,2026-02-17,7,6,600,3-7-1,990,False,0,C_slow×A_kamashi×A_bante_diff,C_slow,0.0,6
2320260217010008,取手,2026-02-17,8,6,600,5-1-6,2450,False,0,A_smooth×A_kamashi×A_bante_diff,A_smooth,0.0,6
2320260217010009,取手,2026-02-17,9,6,600,5-1-4,6750,False,0,A_smooth×A_kamashi×A_bante_diff,A_smooth,0.0,6
2320260217010010,取手,2026-02-17,10,6,600,4-1-3,2090,False,0,C_slow×A_kamashi×A_bante_diff,C_slow,0.0,6
2320260217010011,取手,2026-02-17,11,6,600,4-1-2,26350,False,0,C_slow×A_kamashi×A_bante_diff,C_slow,0.0,6
2320260217010012,取手,2026-02-17,12,6,600,5-7-2,11120,False,0,C_slow×A_kamashi×A_bante_diff,C_slow,0.0,6
8320260217010006,久留米,2026-02-17,6,14,1400,1-4-6,4970,False,0,C_slow×A_kamashi×A_bante_diff,C_slow,0.0,24
8320260217010007,久留米,2026-02-17,7,6,600,7-3-1,30460,False,0,C_slow×A_kamashi×A_bante_diff,C_slow,0.0,6
8320260217010008,久留米,2026-02-17,8,6,600,5-3-7,3280,False,0,B_chaos×A_kamashi×A_bante_diff,B_chaos,0.0,6
8320260217010009,久留米,2026-02-17,9,6,600,5-1-4,2060,True,2060,A_smooth×A_kamashi×A_bante_diff,A_smooth,0.1757,6
8320260217010010,久留米,2026-02-17,10,6,600,1-7-4,690,False,0,C_slow×A_kamashi×A_bante_diff,C_slow,0.0,6
8320260217010011,久留米,2026-02-17,11,6,600,5-6-7,25850,False,0,B_chaos×A_kamashi×A_bante_diff,B_chaos,0.0,6
8320260217010012,久留米,2026-02-17,12,6,600,6-4-1,5030,False,0,B_chaos×A_kamashi×A_bante_diff,B_chaos,0.0,6
2320260217020006,取手,2026-02-18,6,6,600,1-2-7,25050,False,0,A_smooth×A_kamashi×A_bante_diff,A_smooth,0.0,6
2320260217020007,取手,2026-02-18,7,6,600,7-3-1,790,True,790,A_smooth×A_kamashi×A_bante_diff,A_smooth,0.35575,6
2320260217020008,取手,2026-02-18,8,6,600,7-4-5,25400,False,0,C_slow×A_kamashi×A_bante_diff,C_slow,0.0,6
2320260217020009,取手,2026-02-18,9,6,600,4-7-2,4070,False,0,C_slow×B_back×A_bante_diff,C_slow,0.0,6
2320260217020010,取手,2026-02-18,10,6,600,2-6-7,36170,False,0,C_slow×A_kamashi×A_bante_diff,C_slow,0.0,6
2320260217020011,取手,2026-02-18,11,6,600,1-2-4,1760,False,0,C_slow×A_kamashi×A_bante_diff,C_slow,0.0,6
2320260217020012,取手,2026-02-18,12,6,600,1-7-2,73740,False,0,C_slow×A_kamashi×A_bante_diff,C_slow,0.0,6
8320260217020006,久留米,2026-02-18,6,6,600,2-1-5,2490,False,0,A_smooth×A_kamashi×A_bante_diff,A_smooth,0.0,6
8320260217020007,久留米,2026-02-18,7,6,600,3-7-2,900,True,900,C_slow×A_kamashi×A_bante_diff,C_slow,0.31579,6
8320260217020008,久留米,2026-02-18,8,6,600,2-6-7,29240,False,0,C_slow×A_kamashi×A_bante_diff,C_slow,0.0,6
8320260217020009,久留米,2026-02-18,9,6,600,3-4-7,600,False,0,B_chaos×A_kamashi×A_bante_diff,B_chaos,0.0,6
8320260217020010,久留米,2026-02-18,10,6,600,6-4-3,22630,False,0,C_slow×A_kamashi×A_bante_diff,C_slow,0.0,6
8320260217020011,久留米,2026-02-18,11,6,600,2-4-7,3020,False,0,C_slow×A_kamashi×A_bante_diff,C_slow,0.0,6
8320260217020012,久留米,2026-02-18,12,6,600,7-2-1,3770,True,3770,B_chaos×A_kamashi×A_bante_diff,B_chaos,0.30769,6
2320260217030005,取手,2026-02-19,5,6,600,4-3-5,2260,False,0,A_smooth×A_kamashi×A_bante_diff,A_smooth,0.0,6
2320260217030006,取手,2026-02-19,6,6,600,7-5-1,4730,False,0,A_smooth×B_back×A_bante_diff,A_smooth,0.0,6
2320260217030007,取手,2026-02-19,7,14,1400,3-5-6,8220,True,8220,C_slow×A_kamashi×B_maenokori,C_slow,0.00749,24
2320260217030008,取手,2026-02-19,8,6,600,1-4-5,13010,True,13010,C_slow×A_kamashi×A_bante_diff,C_slow,0.17763,6
2320260217030009,取手,2026-02-19,9,6,600,4-1-3,3030,True,3030,C_slow×A_kamashi×A_bante_diff,C_slow,0.31579,6
2320260217030010,取手,2026-02-19,10,0,0,2-3-4,4370,False,0,C_slow×A_kamashi×A_bante_diff,C_slow,0.0,18
2320260217030011,取手,2026-02-19,11,6,600,1-7-3,3490,True,3490,C_slow×B_back×A_bante_diff,C_slow,0.31579,6
2320260217030012,取手,2026-02-19,12,6,600,2-5-7,1300,False,0,B_chaos×A_kamashi×A_bante_diff,B_chaos,0.0,6
8320260217030005,久留米,2026-02-19,5,6,600,5-3-4,1320,False,0,A_smooth×A_kamashi×A_bante_diff,A_smooth,0.0,6
8320260217030006,久留米,2026-02-19,6,6,600,1-5-3,9270,False,0,C_slow×A_kamashi×A_bante_diff,C_slow,0.0,6
8320260217030007,久留米,2026-02-19,7,6,600,7-5-1,7200,False,0,A_smooth×A_kamashi×A_bante_diff,A_smooth,0.0,6
8320260217030008,久留米,2026-02-19,8,6,600,7-1-3,11960,False,0,B_chaos×A_kamashi×A_bante_diff,B_chaos,0.0,6
8320260217030009,久留米,2026-02-19,9,2,200,3-2-7,3310,False,0,B_chaos×A_kamashi×A_bante_diff,B_chaos,0.0,18
8320260217030010,久留米,2026-02-19,10,6,600,4-5-1,470,False,0,C_slow×A_kamashi×A_bante_diff,C_slow,0.0,6
8320260217030012,久留米,2026-02-19,12,6,600,4-2-1,8940,False,0,C_slow×A_kamashi×A_bante_diff,C_slow,0.0,6
3720260220010006,伊東,2026-02-20,6,6,600,2-5-3,3340,False,0,C_slow×A_kamashi×A_bante_diff,C_slow,0.0,6
3720260220010007,伊東,2026-02-20,7,6,600,1-3-7,8180,False,0,C_slow×A_kamashi×A_bante_diff,C_slow,0.0,6
3720260220010008,伊東,2026-02-20,8,6,600,5-1-4,1830,False,0,B_chaos×A_kamashi×A_bante_diff,B_chaos,0.0,6
3720260220010009,伊東,2026-02-20,9,6,600,1-4-3,1990,False,0,C_slow×A_kamashi×A_bante_diff,C_slow,0.0,6
3720260220010010,伊東,2026-02-20,10,6,600,2-1-7,2440,False,0,C_slow×A_kamashi×A_bante_diff,C_slow,0.0,6
3720260220010011,伊東,2026-02-20,11,6,600,5-7-4,33640,False,0,C_slow×A_kamashi×A_bante_diff,C_slow,0.0,6
3720260220010012,伊東,2026-02-20,12,6,600,4-5-1,730,False,0,A_smooth×A_kamashi×A_bante_diff,A_smooth,0.0,6
8720260220010001,熊本,2026-02-20,1,14,1400,5-3-1,6830,True,6830,A_smooth×A_kamashi×B_maenokori,A_smooth,0.01244,24
8720260220010002,熊本,2026-02-20,2,6,600,1-2-3,13780,False,0,A_smooth×A_kamashi×A_bante_diff,A_smooth,0.0,6
8720260220010003,熊本,2026-02-20,3,6,600,7-2-1,53610,False,0,C_slow×A_kamashi×A_bante_diff,C_slow,0.0,6
8720260220010004,熊本,2026-02-20,4,6,600,1-3-5,89710,False,0,A_smooth×A_kamashi×A_bante_diff,A_smooth,0.0,6
8720260220010005,熊本,2026-02-20,5,14,1400,9-7-4,9400,False,0,C_slow×A_kamashi×B_maenokori,C_slow,0.0,24
8720260220010006,熊本,2026-02-20,6,6,600,6-1-7,30790,False,0,C_slow×A_kamashi×A_bante_diff,C_slow,0.0,6
8720260220010007,熊本,2026-02-20,7,6,600,2-5-7,5720,True,5720,C_slow×A_kamashi×A_bante_diff,C_slow,0.15789,6
8720260220010008,熊本,2026-02-20,8,6,600,2-7-1,4840,False,0,C_slow×A_kamashi×A_bante_diff,C_slow,0.0,6
8720260220010009,熊本,2026-02-20,9,14,1400,1-3-9,480,False,0,B_chaos×A_kamashi×B_maenokori,B_chaos,0.0,24
8720260220010010,熊本,2026-02-20,10,6,600,1-2-6,19700,False,0,C_slow×A_kamashi×A_bante_diff,C_slow,0.0,6
8720260220010011,熊本,2026-02-20,11,6,600,2-8-9,8960,False,0,C_slow×A_kamashi×A_bante_diff,C_slow,0.0,6
8720260220010012,熊本,2026-02-20,12,6,600,9-1-2,4120,False,0,C_slow×A_kamashi×A_bante_diff,C_slow,0.0,6
3720260220020006,伊東,2026-02-21,6,6,600,3-1-2,3930,True,3930,C_slow×A_kamashi×A_bante_diff,C_slow,0.15789,6
3720260220020007,伊東,2026-02-21,7,6,600,1-2-4,3690,False,0,B_chaos×A_kamashi×A_bante_diff,B_chaos,0.0,6
3720260220020008,伊東,2026-02-21,8,6,600,3-5-2,2380,True,2380,C_slow×A_kamashi×A_bante_diff,C_slow,0.05921,6
3720260220020009,伊東,2026-02-21,9,6,600,3-7-1,11000,False,0,A_smooth×A_kamashi×A_bante_diff,A_smooth,0.0,6
3720260220020010,伊東,2026-02-21,10,6,600,2-7-4,4180,False,0,C_slow×A_kamashi×A_bante_diff,C_slow,0.0,6
3720260220020011,伊東,2026-02-21,11,6,600,2-1-7,10270,False,0,C_slow×A_kamashi×A_bante_diff,C_slow,0.0,6
3720260220020012,伊東,2026-02-21,12,6,600,1-4-7,460,False,0,C_slow×A_kamashi×A_bante_diff,C_slow,0.0,6
6320260221010006,防府,2026-02-21,6,6,600,4-3-1,3940,True,3940,A_smooth×B_back×A_bante_diff,A_smooth,0.20011,6
6320260221010007,防府,2026-02-21,7,6,600,5-2-3,34030,False,0,C_slow×B_back×A_bante_diff,C_slow,0.0,6
6320260221010008,防府,2026-02-21,8,6,600,2-4-1,2800,False,0,C_slow×B_back×A_bante_diff,C_slow,0.0,6
6320260221010009,防府,2026-02-21,9,6,600,6-5-2,40070,False,0,C_slow×B_back×A_bante_diff,C_slow,0.0,6
6320260221010010,防府,2026-02-21,10,6,600,7-4-5,12070,False,0,C_slow×B_back×A_bante_diff,C_slow,0.0,6
6320260221010011,防府,2026-02-21,11,6,600,1-7-2,1620,False,0,C_slow×B_back×A_bante_diff,C_slow,0.0,6
6320260221010012,防府,2026-02-21,12,6,600,3-2-7,11010,False,0,C_slow×B_back×A_bante_diff,C_slow,0.0,6
8720260220020001,熊本,2026-02-21,1,6,600,1-7-8,21160,False,0,C_slow×A_kamashi×A_bante_diff,C_slow,0.0,6
8720260220020002,熊本,2026-02-21,2,6,600,2-4-5,28130,False,0,C_slow×A_kamashi×A_bante_diff,C_slow,0.0,6
8720260220020003,熊本,2026-02-21,3,6,600,3-8-4,35410,False,0,C_slow×A_kamashi×A_bante_diff,C_slow,0.0,6
8720260220020004,熊本,2026-02-21,4,6,600,5-3-4,63550,False,0,A_smooth×A_kamashi×A_bante_diff,A_smooth,0.0,6
8720260220020005,熊本,2026-02-21,5,6,600,7-3-5,2550,False,0,B_chaos×A_kamashi×A_bante_diff,B_chaos,0.0,6
8720260220020006,熊本,2026-02-21,6,6,600,6-4-9,197060,False,0,C_slow×A_kamashi×A_bante_diff,C_slow,0.0,6
8720260220020007,熊本,2026-02-21,7,14,1400,5-2-9,5060,False,0,C_slow×A_kamashi×B_maenokori,C_slow,0.0,24
8720260220020008,熊本,2026-02-21,8,6,600,1-9-7,3260,False,0,C_slow×A_kamashi×A_bante_diff,C_slow,0.0,6
8720260220020009,熊本,2026-02-21,9,6,600,2-5-7,2770,False,0,C_slow×A_kamashi×A_bante_diff,C_slow,0.0,12
8720260220020010,熊本,2026-02-21,10,6,600,7-1-2,19550,False,0,C_slow×A_kamashi×A_bante_diff,C_slow,0.0,6
8720260220020011,熊本,2026-02-21,11,14,1400,7-6-1,57660,False,0,C_slow×A_kamashi×B_maenokori,C_slow,0.0,24
8720260220020012,熊本,2026-02-21,12,6,600,7-4-6,189590,False,0,C_slow×A_kamashi×A_bante_diff,C_slow,0.0,6
3720260220030005,伊東,2026-02-22,5,6,600,5-2-1,1260,False,0,C_slow×A_kamashi×A_bante_diff,C_slow,0.0,6
3720260220030006,伊東,2026-02-22,6,6,600,1-4-2,4390,False,0,C_slow×A_kamashi×A_bante_diff,C_slow,0.0,6
3720260220030007,伊東,2026-02-22,7,6,600,1-5-2,1550,False,0,C_slow×A_kamashi×A_bante_diff,C_slow,0.0,6
3720260220030008,伊東,2026-02-22,8,6,600,4-2-6,1910,False,0,C_slow×A_kamashi×A_bante_diff,C_slow,0.0,6
3720260220030009,伊東,2026-02-22,9,6,600,4-7-1,2840,False,0,C_slow×A_kamashi×A_bante_diff,C_slow,0.0,6
3720260220030010,伊東,2026-02-22,10,6,600,2-1-4,7210,False,0,C_slow×A_kamashi×A_bante_diff,C_slow,0.0,6
3720260220030012,伊東,2026-02-22,12,6,600,3-7-2,3600,False,0,C_slow×A_kamashi×A_bante_diff,C_slow,0.0,6
6320260221020006,防府,2026-02-22,6,6,600,1-4-3,8390,False,0,C_slow×B_back×A_bante_diff,C_slow,0.0,6
6320260221020007,防府,2026-02-22,7,6,600,4-1-3,60090,False,0,C_slow×B_back×A_bante_diff,C_slow,0.0,6
6320260221020008,防府,2026-02-22,8,6,600,2-4-7,16110,False,0,B_chaos×B_back×A_bante_diff,B_chaos,0.0,6
6320260221020009,防府,2026-02-22,9,6,600,2-7-1,600,False,0,A_smooth×B_back×A_bante_diff,A_smooth,0.0,6
6320260221020010,防府,2026-02-22,10,6,600,1-7-3,3420,False,0,C_slow×B_back×A_bante_diff,C_slow,0.0,6
6320260221020011,防府,2026-02-22,11,14,1400,5-4-3,22930,True,22930,C_slow×B_back×A_bante_diff,C_slow,0.012,24
6320260221020012,防府,2026-02-22,12,6,600,6-1-5,20910,False,0,C_slow×B_back×A_bante_diff,C_slow,0.0,6
8720260220030001,熊本,2026-02-22,1,14,1400,3-4-5,3420,False,0,C_slow×A_kamashi×A_bante_diff,C_slow,0.0,24
8720260220030002,熊本,2026-02-22,2,6,600,2-1-4,28810,False,0,C_slow×A_kamashi×A_bante_diff,C_slow,0.0,6
8720260220030003,熊本,2026-02-22,3,14,1400,1-5-3,3250,True,3250,C_slow×A_kamashi×B_maenokori,C_slow,0.00674,24
8720260220030004,熊本,2026-02-22,4,6,600,2-5-3,25460,False,0,C_slow×A_kamashi×A_bante_diff,C_slow,0.0,6
8720260220030005,熊本,2026-02-22,5,6,600,3-9-6,6620,False,0,C_slow×A_kamashi×A_bante_diff,C_slow,0.0,6
8720260220030006,熊本,2026-02-22,6,6,600,2-5-1,3680,False,0,A_smooth×A_kamashi×A_bante_diff,A_smooth,0.0,6
8720260220030007,熊本,2026-02-22,7,6,600,1-9-5,1970,False,0,C_slow×A_kamashi×A_bante_diff,C_slow,0.0,6
8720260220030008,熊本,2026-02-22,8,6,600,7-3-8,3670,False,0,B_chaos×A_kamashi×A_bante_diff,B_chaos,0.0,6
8720260220030009,熊本,2026-02-22,9,6,600,2-1-9,9480,False,0,C_slow×A_kamashi×A_bante_diff,C_slow,0.0,6
8720260220030010,熊本,2026-02-22,10,6,600,2-5-7,6600,False,0,B_chaos×A_kamashi×A_bante_diff,B_chaos,0.0,6
8720260220030011,熊本,2026-02-22,11,6,600,3-8-1,7930,False,0,C_slow×A_kamashi×A_bante_diff,C_slow,0.0,6
8720260220030012,熊本,2026-02-22,12,6,600,3-1-5,21130,False,0,C_slow×A_kamashi×A_bante_diff,C_slow,0.0,6
4520260223010006,豊橋,2026-02-23,6,14,1400,2-7-5,3170,True,3170,C_slow×A_kamashi×A_bante_diff,C_slow,0.07864,12
4520260223010007,豊橋,2026-02-23,7,6,600,3-7-4,6130,False,0,C_slow×A_kamashi×A_bante_diff,C_slow,0.0,6
4520260223010008,豊橋,2026-02-23,8,6,600,1-4-7,650,False,0,A_smooth×A_kamashi×A_bante_diff,A_smooth,0.0,6
4520260223010009,豊橋,2026-02-23,9,6,600,1-4-2,830,False,0,C_slow×A_kamashi×A_bante_diff,C_slow,0.0,6
4520260223010010,豊橋,2026-02-23,10,6,600,2-4-6,2940,True,2940,B_chaos×B_back×A_bante_diff,B_chaos,0.30769,6
4520260223010011,豊橋,2026-02-23,11,6,600,4-7-3,8580,False,0,A_smooth×A_kamashi×A_bante_diff,A_smooth,0.0,6
4520260223010012,豊橋,2026-02-23,12,6,600,3-1-2,9430,False,0,C_slow×A_kamashi×A_bante_diff,C_slow,0.0,6
6320260221030005,防府,2026-02-23,5,6,600,4-2-3,3480,False,0,C_slow×B_back×A_bante_diff,C_slow,0.0,6
6320260221030006,防府,2026-02-23,6,6,600,1-3-5,2230,False,0,C_slow×B_back×A_bante_diff,C_slow,0.0,6
6320260221030007,防府,2026-02-23,7,14,1400,7-1-4,750,False,0,A_smooth×B_back×B_maenokori,A_smooth,0.0,24
6320260221030008,防府,2026-02-23,8,6,600,7-4-3,2000,False,0,C_slow×B_back×A_bante_diff,C_slow,0.0,6
6320260221030009,防府,2026-02-23,9,6,600,1-5-6,47670,False,0,C_slow×B_back×A_bante_diff,C_slow,0.0,6
6320260221030010,防府,2026-02-23,10,6,600,1-5-7,28890,False,0,C_slow×B_back×A_bante_diff,C_slow,0.0,6
6320260221030012,防府,2026-02-23,12,14,1400,5-1-4,4490,False,0,C_slow×B_back×A_bante_diff,C_slow,0.0,24
8720260220040001,熊本,2026-02-23,1,6,600,7-2-8,6210,False,0,C_slow×A_kamashi×A_bante_diff,C_slow,0.0,6
8720260220040002,熊本,2026-02-23,2,6,600,3-7-4,17640,False,0,C_slow×A_kamashi×A_bante_diff,C_slow,0.0,6
8720260220040003,熊本,2026-02-23,3,6,600,7-9-3,35260,False,0,C_slow×A_kamashi×A_bante_diff,C_slow,0.0,6
8720260220040004,熊本,2026-02-23,4,6,600,8-4-9,102650,False,0,C_slow×A_kamashi×A_bante_diff,C_slow,0.0,6
8720260220040005,熊本,2026-02-23,5,6,600,2-4-3,119120,False,0,C_slow×A_kamashi×A_bante_diff,C_slow,0.0,6
8720260220040006,熊本,2026-02-23,6,6,600,8-1-4,327530,False,0,B_chaos×A_kamashi×A_bante_diff,B_chaos,0.0,6
8720260220040007,熊本,2026-02-23,7,6,600,9-5-7,74350,False,0,A_smooth×A_kamashi×A_bante_diff,A_smooth,0.0,6
8720260220040008,熊本,2026-02-23,8,6,600,9-6-8,85530,False,0,C_slow×A_kamashi×A_bante_diff,C_slow,0.0,6
8720260220040009,熊本,2026-02-23,9,14,1400,3-6-4,10200,False,0,C_slow×A_kamashi×B_maenokori,C_slow,0.0,24
8720260220040010,熊本,2026-02-23,10,6,600,3-4-9,5240,False,0,C_slow×A_kamashi×A_bante_diff,C_slow,0.0,6
8720260220040011,熊本,2026-02-23,11,6,600,7-2-5,35210,False,0,C_slow×A_kamashi×A_bante_diff,C_slow,0.0,6
8720260220040012,熊本,2026-02-23,12,6,600,3-9-7,1940,False,0,C_slow×A_kamashi×A_bante_diff,C_slow,0.0,6
4520260223020006,豊橋,2026-02-24,6,2,200,1-2-6,21380,False,0,C_slow×A_kamashi×A_bante_diff,C_slow,0.0,18
4520260223020007,豊橋,2026-02-24,7,6,600,2-3-4,11360,False,0,C_slow×A_kamashi×A_bante_diff,C_slow,0.0,6
4520260223020008,豊橋,2026-02-24,8,6,600,5-1-7,17670,False,0,C_slow×B_back×A_bante_diff,C_slow,0.0,6
4520260223020009,豊橋,2026-02-24,9,6,600,2-3-5,14030,False,0,C_slow×A_kamashi×A_bante_diff,C_slow,0.0,6
4520260223020010,豊橋,2026-02-24,10,6,600,5-3-1,11000,False,0,C_slow×A_kamashi×A_bante_diff,C_slow,0.0,6
4520260223020011,豊橋,2026-02-24,11,6,600,5-6-1,4650,True,4650,A_smooth×A_kamashi×A_bante_diff,A_smooth,0.20011,6
4520260223020012,豊橋,2026-02-24,12,6,600,4-1-7,11570,False,0,C_slow×B_back×A_bante_diff,C_slow,0.0,6
5620260224010008,岸和田,2026-02-24,8,6,600,4-7-3,27160,False,0,A_smooth×A_kamashi×A_bante_diff,A_smooth,0.0,6
5620260224010009,岸和田,2026-02-24,9,6,600,4-6-3,29850,False,0,C_slow×A_kamashi×A_bante_diff,C_slow,0.0,6
5620260224010010,岸和田,2026-02-24,10,6,600,2-4-3,760,False,0,B_chaos×A_kamashi×A_bante_diff,B_chaos,0.0,6
5620260224010011,岸和田,2026-02-24,11,6,600,1-3-2,4340,False,0,C_slow×A_kamashi×A_bante_diff,C_slow,0.0,6
5620260224010012,岸和田,2026-02-24,12,6,600,3-4-7,59210,False,0,C_slow×A_kamashi×A_bante_diff,C_slow,0.0,6
8620260224020001,別府,2026-02-24,1,6,600,3-6-4,20440,False,0,A_smooth×B_back×A_bante_diff,A_smooth,0.0,6
8620260224020002,別府,2026-02-24,2,6,600,2-6-4,26410,False,0,C_slow×B_back×A_bante_diff,C_slow,0.0,6
8620260224020003,別府,2026-02-24,3,6,600,1-7-2,1240,False,0,C_slow×B_back×A_bante_diff,C_slow,0.0,6
8620260224020004,別府,2026-02-24,4,6,600,4-2-5,18130,False,0,C_slow×B_back×A_bante_diff,C_slow,0.0,6
8620260224020005,別府,2026-02-24,5,6,600,4-2-5,4900,False,0,A_smooth×B_back×A_bante_diff,A_smooth,0.0,6
8620260224020006,別府,2026-02-24,6,6,600,7-6-4,350,True,350,A_smooth×B_back×A_bante_diff,A_smooth,0.20011,6
8620260224020007,別府,2026-02-24,7,6,600,3-5-4,2930,False,0,A_smooth×B_back×A_bante_diff,A_smooth,0.0,6
