race_id,date,venue,race_no,axis,axis_name,axis_ev,top_ev,invest,return,payout_100,hit,actual,bets
4420260228020005,2026-03-01,大垣,5,2,寺沼 拓摩,81.7,81.7,2700,0,97180,False,2-9-6,"2-5-1,2-5-7,2-5-3,2-5-9,2-1-5,2-7-5,2-9-5"
4420260228020006,2026-03-01,大垣,6,2,青野 将大,88.9,92.4,1700,0,3590,False,3-2-7,"2-3-5,2-3-7,2-5-3,2-7-3,2-5-4,2-5-1,2-5-7"
4420260228020007,2026-03-01,大垣,7,3,菅田 壱道,86.5,86.5,2500,0,1220,False,1-3-7,"3-1-5,3-7-5,3-1-9,3-9-1,3-1-4,3-1-2,3-2-1"
4420260228020008,2026-03-01,大垣,8,1,村田 雅一,80.8,85.4,1100,0,3320,False,7-1-5,"1-7-5,1-7-3,1-7-9,1-7-2,1-2-7,1-2-5"
4420260228020009,2026-03-01,大垣,9,3,嘉永 泰斗,90.4,90.4,2500,0,3320,False,7-3-1,"3-1-7,3-1-5,3-7-1,3-5-1,3-1-8,3-1-9,3-7-5"
4420260228020010,2026-03-01,大垣,10,5,山口 拳矢,91.0,91.0,2500,6250,6250,True,5-7-4,"5-9-7,5-9-1,5-9-4,5-7-9,5-1-9,5-9-3,5-9-2"
4420260228020011,2026-03-01,大垣,11,2,古性 優作,94.0,94.0,2700,0,17110,False,1-7-4,"2-4-9,2-4-1,2-9-4,2-4-5,2-1-4,2-5-4,2-9-8"
4420260228020012,2026-03-01,大垣,12,1,郡司 浩平,90.6,90.6,2300,0,660,False,1-9-7,"1-2-5,1-5-2,1-2-9,1-2-4,1-5-9,1-9-2,1-5-4"
4420260228030005,2026-03-02,大垣,5,9,佐々木 翔一,76.0,79.2,1100,0,11210,False,5-1-2,"9-3-5,9-3-1,9-5-3,9-3-7,9-3-2,9-7-3"
4420260228030006,2026-03-02,大垣,6,5,小森 貴大,82.2,82.2,2600,0,23400,False,4-9-5,"5-7-3,5-3-7,5-7-2,5-7-9,5-3-8,5-7-1,5-8-3"
4420260228030007,2026-03-02,大垣,7,9,寺沼 拓摩,83.3,83.3,1400,0,39400,False,2-1-8,"9-2-1,9-2-7,9-2-5,9-5-2,9-5-3,9-5-1,9-5-7"
4420260228030008,2026-03-02,大垣,8,7,久島 尚樹,80.7,80.7,1200,0,1870,False,9-7-1,"7-9-3,7-9-5,7-9-1,7-1-9,7-3-1,7-1-3,7-1-5"
4420260228030009,2026-03-02,大垣,9,8,佐藤 壮志,83.0,83.0,700,0,99960,False,8-2-9,"8-1-3,8-1-9,8-4-6,8-6-4"
4420260228030010,2026-03-02,大垣,10,1,古性 優作,94.4,94.4,2600,1620,1620,True,1-9-7,"1-7-3,1-3-7,1-7-5,1-7-9,1-7-2,1-9-7,1-2-7"
4420260228030011,2026-03-02,大垣,11,7,嘉永 泰斗,91.9,91.9,2400,0,1190,False,1-9-3,"7-1-2,7-1-3,7-1-5,7-1-9,7-2-1,7-3-1,7-5-1"
4420260228030012,2026-03-02,大垣,12,1,郡司 浩平,91.6,92.1,2700,8750,8750,True,1-9-5,"1-2-7,1-7-2,1-2-5,1-2-9,1-5-2,1-7-5,1-5-7"
7520260305010006,2026-03-05,松山,6,3,安彦 統賀,81.5,81.5,1200,0,450,False,7-1-5,"3-7-2,3-7-9,3-1-7,3-7-1,3-7-4,3-4-7,3-7-5"
7520260305010007,2026-03-05,松山,7,3,稲川 翔,84.1,84.1,2500,0,14770,False,9-3-7,"3-4-9,3-9-4,3-4-2,3-2-4,3-9-2,3-2-9,3-9-7"
7520260305010008,2026-03-05,松山,8,7,佐々木 豪,83.1,83.1,2500,0,4360,False,1-7-9,"7-5-1,7-1-5,7-5-4,7-5-9,7-5-3,7-1-4,7-5-8"
7520260305010009,2026-03-05,松山,9,9,山崎 賢人,88.6,88.6,2300,760,760,True,9-2-5,"9-2-1,9-2-7,9-1-2,9-7-2,9-2-5,9-1-7,9-7-1"
7520260305010010,2026-03-05,松山,10,3,佐藤 幸治,85.4,89.2,1700,0,1890,False,7-5-3,"3-5-7,3-5-9,3-7-5,3-9-5,3-9-2,3-7-9,3-9-7"
7520260305010011,2026-03-05,松山,11,1,松本 貴治,93.8,93.8,2400,0,330,False,7-1-5,"1-9-7,1-9-5,1-7-9,1-5-9,1-9-3,1-7-5,1-5-7"
7520260305010012,2026-03-05,松山,12,5,石原 颯,94.8,94.8,100,0,9110,False,2-7-1,5-3-2
7520260305020005,2026-03-06,松山,5,6,栗田 貴徳,64.6,74.4,2700,0,2020,False,9-7-2,"6-3-5,6-3-1,6-1-3,6-4-3,6-5-9,6-5-1,6-5-4"
7520260305020007,2026-03-06,松山,7,1,山崎 賢人,90.4,90.4,2000,0,2710,False,7-2-5,"1-7-2,1-7-9,1-2-7,1-9-7,1-2-3,1-9-3,1-2-5"
7520260305020008,2026-03-06,松山,8,3,新田 祐大,91.3,91.3,2300,0,71450,False,5-8-2,"3-1-2,3-1-8,3-8-1,3-1-9,3-9-1,3-5-2,3-1-5"
7520260305020009,2026-03-06,松山,9,3,寺崎 浩平,85.5,85.5,2600,0,8220,False,7-3-2,"3-1-9,3-9-1,3-1-2,3-2-1,3-9-2,3-2-9,3-1-5"
7520260305020010,2026-03-06,松山,10,8,朝倉 智仁,83.6,83.6,700,0,50600,False,8-7-1,"8-9-4,8-9-2,8-9-6,8-6-9"
7520260305020011,2026-03-06,松山,11,3,谷口 遼平,87.8,88.9,1100,0,1170,False,9-1-3,"3-9-1,3-9-5,3-5-9,3-8-4,3-8-6,3-6-8"
7520260305020012,2026-03-06,松山,12,1,犬伏 湧也,89.1,89.1,2600,1640,1640,True,1-5-8,"1-9-5,1-5-9,1-9-2,1-5-3,1-3-5,1-5-2,1-5-4"
7520260305030005,2026-03-07,松山,5,2,格清 洋介,80.3,80.3,1200,0,860,False,9-1-4,"2-9-1,2-9-5,2-5-9,2-9-3,2-9-4,2-5-3,2-5-6"
7520260305030006,2026-03-07,松山,6,6,山本 恵介,64.5,77.3,2700,0,1850,False,7-2-9,"6-7-1,6-7-5,6-1-7,6-4-7,6-7-8,6-5-7,6-4-2"
7520260305030007,2026-03-07,松山,7,1,小堺 浩二,82.8,82.8,2600,0,27030,False,2-9-5,"1-9-3,1-9-2,1-3-9,1-2-9,1-3-2,1-2-3,1-9-6"
7520260305030008,2026-03-07,松山,8,1,菅原 大也,83.6,83.6,1200,0,1640,False,9-7-3,"1-5-9,1-9-5,1-5-6,1-5-2,1-2-5,1-2-9,1-5-7"
7520260305030009,2026-03-07,松山,9,3,岡崎 智哉,75.7,75.7,2100,0,57510,False,9-2-1,"3-5-7,3-5-1,3-5-2,3-5-9,3-7-5,3-1-5,3-5-8"
7520260305030010,2026-03-07,松山,10,1,犬伏 湧也,89.1,89.1,1700,5200,5200,True,1-9-6,"1-2-7,1-2-3,1-2-9,1-9-2,1-9-4,1-9-6,1-9-7"
7520260305030011,2026-03-07,松山,11,5,新田 祐大,91.3,91.3,900,0,1540,False,1-7-5,"5-1-9,5-1-4,5-1-3,5-3-1,5-1-7"
7520260305030012,2026-03-07,松山,12,6,朝倉 智仁,87.8,87.8,900,0,340,False,1-9-5,"6-9-1,6-1-9,6-1-2,6-2-1,6-1-5"
7520260305040005,2026-03-08,松山,5,2,棚瀬 義大,70.5,70.5,2200,12870,12870,True,2-6-8,"2-7-1,2-1-7,2-3-5,2-3-7,2-6-7,2-3-8,2-8-3"
7520260305040006,2026-03-08,松山,6,7,谷口 遼平,82.7,82.7,1300,51800,7400,True,7-2-1,"7-2-1,7-2-5,7-3-2,7-2-3,7-3-9,7-4-6,7-2-8"
7520260305040007,2026-03-08,松山,7,5,松岡 辰泰,77.0,77.0,2600,0,1290,False,1-9-7,"5-1-9,5-1-2,5-9-1,5-2-1,5-1-6,5-9-2,5-2-9"
7520260305040008,2026-03-08,松山,8,7,西田 優大,82.1,82.1,1100,0,7420,False,9-1-3,"7-1-3,7-2-1,7-1-2,7-1-5,7-1-9,7-1-4"
7520260305040010,2026-03-08,松山,10,7,山崎 賢人,86.3,86.3,2600,0,12400,False,9-2-7,"7-8-2,7-8-1,7-8-9,7-8-5,7-2-8,7-1-8,7-9-8"
7520260305040011,2026-03-08,松山,11,3,稲川 翔,74.0,74.0,2100,0,460,False,7-3-2,"3-7-1,3-7-5,3-1-7,3-5-7,3-7-2,3-7-8,3-7-9"
7520260305040012,2026-03-08,松山,12,9,犬伏 湧也,89.2,89.2,1200,0,11040,False,1-4-8,"9-7-1,9-7-3,9-7-8,9-1-7,9-8-7,9-1-8,9-8-1"
2320260312010005,2026-03-12,取手,5,9,林 大悟,80.2,80.2,2700,790,790,True,9-1-5,"9-2-1,9-1-2,9-2-7,9-3-1,9-1-3,9-7-2,9-1-4"
2320260312010006,2026-03-12,取手,6,1,池田 良,78.1,78.1,1800,0,89050,False,8-3-5,"1-2-3,1-2-7,1-2-4,1-2-5,1-5-2,1-9-3,1-2-9"
2320260312010007,2026-03-12,取手,7,3,岸田 剛,77.5,77.5,1400,0,53680,False,3-5-9,"3-2-1,3-1-2,3-2-9,3-2-5,3-1-9,3-9-1,3-1-8"
2320260312010008,2026-03-12,取手,8,9,柴崎 淳,82.5,82.5,2600,0,252650,False,6-4-9,"9-3-1,9-1-3,9-3-4,9-3-7,9-3-2,9-3-8,9-7-3"
2320260312010009,2026-03-12,取手,9,2,志村 太賀,77.9,82.0,2600,0,60980,False,7-3-1,"2-7-1,2-7-9,2-7-4,2-1-7,2-7-3,2-9-7,2-4-7"
2320260312010010,2026-03-12,取手,10,5,内藤 宣彦,82.7,84.4,2500,0,960,False,3-5-9,"5-3-1,5-3-9,5-3-2,5-3-6,5-3-4,5-1-3,5-9-3"
2320260312010011,2026-03-12,取手,11,8,薦田 将伍,73.5,82.3,900,0,3510,False,1-9-3,"8-6-1,8-6-3,8-6-5,8-4-3,8-4-6"
2320260312010012,2026-03-12,取手,12,2,松浦 悠士,90.6,90.6,2400,0,246100,False,5-9-7,"2-4-1,2-6-4,2-7-5,2-5-7,2-4-3,2-1-4,2-3-4"
2620260312010005,2026-03-12,西武園,5,3,黒瀬 浩太郎,82.7,82.7,2600,0,27880,False,5-7-8,"3-2-9,3-9-2,3-6-2,3-6-4,3-2-5,3-6-9,3-5-2"
2620260312010006,2026-03-12,西武園,6,5,室井 蓮太朗,86.5,86.5,2600,0,7340,False,1-9-4,"5-9-2,5-2-9,5-9-3,5-9-4,5-3-9,5-2-3,5-3-2"
2620260312010007,2026-03-12,西武園,7,6,岡田 亮太,73.7,78.1,2600,0,332500,False,8-5-2,"6-1-3,6-1-4,6-4-1,6-9-1,6-1-5,6-3-9,6-9-4"
2620260312010008,2026-03-12,西武園,8,7,田中 大我,83.5,83.5,1500,3320,3320,True,7-3-1,"7-3-1,7-1-3,7-3-2,7-2-3,7-3-5,7-3-4,7-3-9"
2620260312010009,2026-03-12,西武園,9,3,昼田 達哉,84.0,84.0,300,0,6400,False,7-2-1,"3-5-4,3-4-5"
2620260312010011,2026-03-12,西武園,11,9,瓜生 崇智,84.3,84.3,2500,920,920,True,9-1-7,"9-5-1,9-1-5,9-5-2,9-2-5,9-1-2,9-2-1,9-1-6"
2620260312010012,2026-03-12,西武園,12,3,岩本 俊介,90.1,90.1,1700,0,46430,False,3-7-8,"3-8-2,3-2-8,3-9-8,3-6-5,3-9-7,3-5-6,3-2-9"
2320260312020005,2026-03-13,取手,5,9,水谷 好宏,71.8,71.8,2100,0,26780,False,9-3-1,"9-7-2,9-2-7,9-2-3,9-3-2,9-2-8,9-2-5,9-7-1"
2320260312020006,2026-03-13,取手,6,5,伊東 翔貴,77.1,80.7,500,0,5060,False,1-9-2,"5-8-1,5-1-6,5-4-2"
2320260312020007,2026-03-13,取手,7,3,嵯峨 昇喜郎,80.6,80.6,2500,0,3830,False,1-9-5,"3-9-7,3-9-1,3-7-9,3-1-9,3-7-8,3-7-1,3-1-7"
2320260312020008,2026-03-13,取手,8,6,田口 勇介,79.2,79.2,1500,0,11370,False,1-3-7,"6-4-5,6-2-4,6-2-8,6-8-2,6-4-8,6-8-4,6-9-8"
2320260312020009,2026-03-13,取手,9,1,林 大悟,82.4,82.4,900,0,1970,False,2-5-9,"1-5-9,1-2-9,1-5-2,1-2-5,1-5-6"
2320260312020010,2026-03-13,取手,10,2,緒方 将樹,81.7,81.7,2000,0,510,False,1-5-7,"2-1-5,2-5-1,2-1-9,2-9-1,2-1-8,2-9-5,2-1-7"
2320260312020011,2026-03-13,取手,11,1,小堀 敢太,85.0,85.0,2200,7960,7960,True,1-9-6,"1-2-9,1-9-2,1-7-9,1-9-7,1-9-4,1-5-9,1-9-5"
2320260312020012,2026-03-13,取手,12,1,松浦 悠士,85.5,85.5,2500,0,900,False,1-9-5,"1-8-2,1-2-8,1-4-9,1-9-4,1-8-9,1-6-4,1-9-8"
2620260312020005,2026-03-13,西武園,5,2,黒瀬 浩太郎,70.4,70.4,2500,810,810,True,2-7-1,"2-9-3,2-3-9,2-5-9,2-3-1,2-1-3,2-7-9,2-3-5"
2620260312020006,2026-03-13,西武園,6,1,大矢 将大,69.6,69.6,300,0,22830,False,3-6-5,"1-8-5,1-5-8"
2620260312020007,2026-03-13,西武園,7,6,山田 駿斗,81.4,81.4,1300,0,5710,False,5-2-1,"6-8-5,6-8-1,6-9-1,6-7-8,6-8-7,6-7-9,6-9-7"
2620260312020008,2026-03-13,西武園,8,5,瓜生 崇智,82.2,82.2,1000,0,1400,False,1-7-5,"5-1-7,5-7-1,5-8-9,5-8-6,5-4-6,5-8-4"
2620260312020009,2026-03-13,西武園,9,1,岩本 俊介,94.3,94.3,2600,0,18020,False,5-1-7,"1-2-5,1-2-4,1-5-2,1-2-3,1-2-6,1-2-8,1-2-9"
2620260312020010,2026-03-13,西武園,10,4,伊藤 慶太郎,78.5,78.5,1100,0,5490,False,3-9-1,"4-5-8,4-9-6,4-6-9,4-6-2,4-6-8,4-8-6"
2620260312020011,2026-03-13,西武園,11,5,取鳥 雄吾,81.4,81.4,2600,760,760,True,5-9-1,"5-2-4,5-9-4,5-7-2,5-2-7,5-7-9,5-9-7,5-2-9"
2620260312020012,2026-03-13,西武園,12,3,河崎 正晴,81.1,81.1,900,0,145740,False,2-5-7,"3-5-1,3-7-5,3-8-6,3-4-8,3-8-4"
2320260312030005,2026-03-14,取手,5,4,斉藤 樂,71.9,71.9,700,0,95390,False,2-5-6,"4-2-8,4-2-9,4-2-1,4-2-7"
2320260312030006,2026-03-14,取手,6,1,緒方 将樹,81.7,81.7,2600,0,13690,False,2-1-3,"1-3-9,1-3-7,1-7-3,1-9-7,1-7-9,1-3-5,1-5-3"
2320260312030007,2026-03-14,取手,7,6,横山 尚則,70.6,74.1,2600,6020,6020,True,6-1-5,"6-5-1,6-5-2,6-1-5,6-2-5,6-7-1,6-1-7,6-1-8"
2320260312030008,2026-03-14,取手,8,3,林 大悟,82.4,82.4,1600,1300,1300,True,3-5-7,"3-2-7,3-5-8,3-7-5,3-5-7,3-5-6,3-2-5,3-5-2"
2320260312030009,2026-03-14,取手,9,1,嵯峨 昇喜郎,80.6,80.6,2700,0,1410,False,9-1-7,"1-9-5,1-9-2,1-9-3,1-9-8,1-5-9,1-2-9,1-3-9"
2320260312030010,2026-03-14,取手,10,1,上野 優太,73.5,85.0,100,0,2020,False,3-5-2,1-3-5
2320260312030011,2026-03-14,取手,11,4,岸田 剛,78.3,79.4,1600,0,2030,False,7-1-9,"4-3-7,4-8-9,4-9-8,4-5-9,4-9-5,4-5-6,4-6-5"
2320260312030012,2026-03-14,取手,12,2,松浦 悠士,86.3,86.3,2700,0,105200,False,7-1-2,"2-1-6,2-1-8,2-1-7,2-7-1,2-1-5,2-1-9,2-1-3"
2620260312030005,2026-03-14,西武園,5,3,比佐 宝太,69.1,69.1,600,0,940,False,1-9-4,"3-5-9,3-5-7,3-8-4,3-4-8"
2620260312030006,2026-03-14,西武園,6,9,昼田 達哉,84.0,84.0,1700,0,1240140,False,8-6-2,"9-1-5,9-5-1,9-1-8,9-1-3,9-3-1,9-5-3,9-3-5"
2620260312030007,2026-03-14,西武園,7,6,山田 駿斗,81.4,81.4,1400,0,7890,False,5-1-6,"6-4-7,6-4-8,6-5-4,6-4-5,6-4-9,6-3-9,6-4-3"
2620260312030008,2026-03-14,西武園,8,2,河崎 正晴,81.1,81.1,900,0,5210,False,1-6-3,"2-8-9,2-1-9,2-8-1,2-1-8,2-7-6"
2620260312030009,2026-03-14,西武園,9,1,嶋津 拓弥,77.2,77.2,2700,0,59370,False,1-8-9,"1-9-5,1-5-9,1-9-3,1-5-2,1-7-9,1-3-9,1-5-7"
2620260312030010,2026-03-14,西武園,10,3,岩本 俊介,94.3,94.3,2700,0,2840,False,3-9-7,"3-4-5,3-5-1,3-5-9,3-5-7,3-1-5,3-9-5,3-7-5"
2620260312030011,2026-03-14,西武園,11,9,飯野 祐太,78.4,81.4,1700,0,2770,False,2-7-9,"9-2-1,9-1-2,9-8-5,9-1-4,9-1-3,9-1-7,9-7-1"
2620260312030012,2026-03-14,西武園,12,3,瓜生 崇智,82.5,82.5,300,0,4070,False,7-2-9,"3-5-7,3-7-5"
2320260312040005,2026-03-15,取手,5,3,島川 将貴,73.5,73.5,2100,11640,11640,True,3-7-5,"3-1-7,3-7-1,3-7-2,3-1-5,3-5-1,3-7-8,3-7-5"
2320260312040006,2026-03-15,取手,6,3,大塚 玲,73.7,74.0,2400,0,6020,False,9-3-5,"3-2-9,3-9-2,3-9-6,3-1-2,3-9-1,3-1-9,3-9-4"
2320260312040007,2026-03-15,取手,7,3,緒方 将樹,81.1,81.1,2500,0,74570,False,6-3-7,"3-4-5,3-4-6,3-4-9,3-4-7,3-4-2,3-9-4,3-7-4"
2320260312040008,2026-03-15,取手,8,4,荒川 達郎,73.1,73.1,2500,0,1580,False,1-4-9,"4-7-8,4-8-5,4-8-7,4-8-3,4-8-2,4-5-6,4-7-6"
2320260312040009,2026-03-15,取手,9,4,田口 勇介,76.4,76.4,1100,0,1630,False,1-5-7,"4-6-7,4-6-5,4-5-8,4-8-5,4-8-6,4-8-2"
2320260312040010,2026-03-15,取手,10,2,嵯峨 昇喜郎,80.4,80.4,2600,0,14600,False,2-9-6,"2-1-5,2-1-7,2-7-1,2-7-5,2-1-3,2-7-3,2-1-9"
2320260312040011,2026-03-15,取手,11,5,林 大悟,88.2,88.2,1500,0,570,False,2-5-9,"5-2-1,5-9-2,5-2-9,5-2-3,5-2-6,5-6-2,5-2-7"
2320260312040012,2026-03-15,取手,12,1,松浦 悠士,87.9,87.9,2500,0,15960,False,3-7-1,"1-9-6,1-2-6,1-3-8,1-7-5,1-9-2,1-2-9,1-7-6"
2620260312040006,2026-03-15,西武園,6,1,黒沢 征治,76.5,76.5,2600,0,91890,False,1-4-8,"1-2-9,1-9-2,1-2-8,1-2-3,1-2-7,1-2-6,1-2-5"
2620260312040007,2026-03-15,西武園,7,6,久田 朔,82.5,82.5,1500,0,34020,False,7-3-9,"6-7-3,6-3-7,6-3-5,6-1-3,6-3-1,6-3-2,6-3-4"
2620260312040009,2026-03-15,西武園,9,2,嶋津 拓弥,84.8,84.8,600,0,106400,False,9-1-5,"2-1-3,2-3-1,2-7-3,2-3-7"
2620260312040010,2026-03-15,西武園,10,3,林 慶次郎,83.0,83.0,600,0,4100,False,7-2-4,"3-8-6,3-6-8,3-6-4,3-4-6"
2620260312040012,2026-03-15,西武園,12,7,岩本 俊介,95.5,95.5,1100,0,42960,False,5-4-9,"7-1-9,7-1-5,7-5-1,7-1-3,7-1-2,7-1-8"
6320260319010005,2026-03-19,防府,5,7,菅田 壱道,85.6,85.6,2600,0,15650,False,3-8-7,"7-3-9,7-9-3,7-3-2,7-3-8,7-9-2,7-9-8,7-2-3"
6320260319010006,2026-03-19,防府,6,2,和田 真久留,83.3,83.3,1800,0,8070,False,1-9-7,"2-7-3,2-3-7,2-7-1,2-7-4,2-7-5,2-7-8,2-7-9"
6320260319010007,2026-03-19,防府,7,8,寺沼 拓摩,82.0,82.0,700,0,171610,False,7-9-2,"8-4-9,8-4-5,8-6-4,8-4-3"
6320260319010008,2026-03-19,防府,8,1,浅井 康太,84.5,84.5,2300,4450,4450,True,1-5-9,"1-9-4,1-8-9,1-9-8,1-9-7,1-7-9,1-9-3,1-7-3"
6320260319010009,2026-03-19,防府,9,7,荒井 崇博,90.3,90.3,2700,0,12630,False,2-1-7,"7-5-1,7-1-5,7-1-2,7-2-1,7-3-5,7-1-3,7-3-1"
6320260319010010,2026-03-19,防府,10,3,寺崎 浩平,85.6,85.6,1600,0,9270,False,2-3-5,"3-1-2,3-2-1,3-1-9,3-2-9,3-9-1,3-9-2,3-1-7"
6320260319010011,2026-03-19,防府,11,1,脇本 雄太,101.6,101.6,2600,0,7050,False,3-4-1,"1-9-7,1-7-9,1-9-3,1-3-9,1-3-7,1-9-2,1-9-5"
6320260319010012,2026-03-19,防府,12,5,山口 拳矢,93.0,93.0,2200,0,9350,False,3-1-7,"5-1-3,5-1-7,5-1-2,5-3-1,5-7-1,5-1-6,5-3-7"
6320260319020005,2026-03-20,防府,5,4,太田 竜馬,76.7,76.7,1400,0,540,False,1-9-7,"4-2-9,4-2-3,4-7-6,4-6-5,4-5-6,4-2-1,4-7-8"
6320260319020006,2026-03-20,防府,6,3,荒井 崇博,87.6,87.6,2300,0,48120,False,7-3-6,"3-4-9,3-9-8,3-8-9,3-4-8,3-8-4,3-9-7,3-4-7"
6320260319020007,2026-03-20,防府,7,3,浅井 康太,83.0,83.0,100,0,4250,False,4-2-7,3-6-5
6320260319020008,2026-03-20,防府,8,2,松谷 秀幸,76.9,76.9,400,0,510,False,9-1-6,"2-7-9,2-9-1,2-7-4"
6320260319020009,2026-03-20,防府,9,2,東口 善朋,79.4,80.1,300,0,7990,False,1-9-3,"2-8-5,2-5-8"
6320260319020010,2026-03-20,防府,10,4,山崎 賢人,89.3,89.3,1500,0,18260,False,4-5-2,"4-9-2,4-5-7,4-7-5,4-5-6,4-5-1,4-1-5,4-7-8"
6320260319020011,2026-03-20,防府,11,8,小原 佑太,84.0,84.0,1400,0,1270,False,1-7-2,"8-4-2,8-4-3,8-9-1,8-4-7,8-4-6,8-6-4,8-4-5"
6320260319030005,2026-03-21,防府,5,3,山崎 歩夢,79.7,79.7,2100,3760,3760,True,3-7-4,"3-9-7,3-7-9,3-7-4,3-4-7,3-7-6,3-7-1,3-1-7"
6320260319030006,2026-03-21,防府,6,4,橋本 壮史,86.3,86.3,1400,0,15520,False,6-1-9,"4-9-5,4-3-8,4-5-3,4-3-5,4-3-1,4-9-3,4-3-9"
6320260319030007,2026-03-21,防府,7,1,和田 健太郎,82.3,82.3,700,0,175720,False,8-7-9,"1-7-3,1-7-5,1-5-7,1-4-6"
6320260319030008,2026-03-21,防府,8,3,菅原 大也,81.2,81.2,1400,0,1310,False,1-9-6,"3-6-8,3-8-6,3-4-7,3-6-4,3-4-6,3-4-8,3-8-2"
6320260319030009,2026-03-21,防府,9,4,神田 紘輔,76.5,82.9,2200,0,8410,False,8-1-9,"4-5-2,4-6-2,4-6-7,4-5-9,4-9-6,4-6-9,4-6-3"
6320260319030010,2026-03-21,防府,10,7,深谷 知広,87.5,87.5,300,0,11090,False,5-7-4,"7-6-3,7-3-6"
6320260319030011,2026-03-21,防府,11,1,寺崎 浩平,92.9,92.9,900,0,31310,False,3-5-6,"1-3-5,1-5-3,1-7-5,1-5-7,1-5-2"
6320260319030012,2026-03-21,防府,12,5,眞杉 匠,95.7,95.7,2600,0,31310,False,5-8-9,"5-8-1,5-1-8,5-8-2,5-1-2,5-2-8,5-2-1,5-1-4"
6320260319040005,2026-03-22,防府,5,5,山田 諒,79.7,79.7,1400,0,17550,False,3-7-9,"5-1-2,5-1-4,5-1-7,5-8-4,5-6-8,5-8-6,5-1-3"
6320260319040006,2026-03-22,防府,6,1,新田 祐大,82.0,82.0,1900,0,10970,False,2-7-1,"1-2-5,1-5-2,1-5-3,1-5-9,1-5-6,1-5-7,1-7-5"
6320260319040007,2026-03-22,防府,7,6,西田 優大,85.0,85.0,2100,0,6550,False,4-7-1,"6-3-1,6-1-3,6-9-7,6-1-5,6-8-7,6-1-4,6-9-8"
6320260319040008,2026-03-22,防府,8,9,荒井 崇博,87.0,87.0,2600,16910,16910,True,9-5-1,"9-8-1,9-1-8,9-1-7,9-1-3,9-1-5,9-5-1,9-2-8"
6320260319040010,2026-03-22,防府,10,5,寺崎 浩平,86.9,86.9,2600,0,51740,False,6-5-8,"5-2-6,5-6-2,5-2-7,5-7-2,5-2-8,5-2-3,5-2-1"
6320260319040011,2026-03-22,防府,11,6,森田 一郎,87.7,87.7,2000,0,8990,False,4-1-7,"6-5-2,6-5-9,6-8-7,6-7-5,6-5-7,6-8-5,6-5-8"
6320260319040012,2026-03-22,防府,12,7,眞杉 匠,94.8,94.8,2500,0,53150,False,9-7-1,"7-3-8,7-3-9,7-8-3,7-3-1,7-3-2,7-3-4,7-1-3"
4420260325010006,2026-03-25,大垣,6,2,小堺 浩二,74.1,83.4,2600,2570,2570,True,2-3-7,"2-4-3,2-4-7,2-3-4,2-7-4,2-3-6,2-7-6,2-6-5"
4420260325010007,2026-03-25,大垣,7,2,安彦 統賀,82.4,82.4,2700,0,14660,False,3-5-6,"2-3-5,2-3-6,2-6-3,2-3-1,2-3-7,2-7-3,2-5-7"
4420260325010008,2026-03-25,大垣,8,3,佐伯 亮輔,84.6,84.6,2700,0,7660,False,7-1-4,"3-4-1,3-1-4,3-4-5,3-5-4,3-1-7,3-1-5,3-5-1"
4420260325010009,2026-03-25,大垣,9,7,元砂 勇雪,73.5,84.1,2700,0,109110,False,2-6-4,"7-1-5,7-1-6,7-1-3,7-1-2,7-6-1,7-3-1,7-4-1"
4420260325010010,2026-03-25,大垣,10,4,久田 朔,78.9,78.9,2700,1940,1940,True,4-1-5,"4-5-2,4-2-5,4-5-1,4-1-5,4-2-3,4-3-2,4-6-3"
4420260325010011,2026-03-25,大垣,11,1,村上 竜馬,72.4,80.9,1700,0,930,False,3-7-4,"1-7-5,1-7-3,1-5-7,1-3-7,1-4-6,1-6-4,1-4-2"
4420260325010012,2026-03-25,大垣,12,3,松本 貴治,91.8,91.8,2300,1780,1780,True,3-1-4,"3-2-5,3-2-1,3-5-2,3-1-2,3-5-1,3-1-5,3-2-7"
4420260325020006,2026-03-26,大垣,6,5,望月 一成,68.7,68.7,2300,0,2690,False,1-6-5,"5-1-2,5-1-4,5-1-3,5-2-1,5-1-6,5-3-1,5-2-4"
4420260325020007,2026-03-26,大垣,7,1,佐伯 亮輔,84.6,84.6,2700,0,4680,False,4-2-6,"1-4-2,1-2-4,1-4-5,1-2-6,1-4-7,1-2-3,1-5-4"
4420260325020008,2026-03-26,大垣,8,7,安彦 統賀,82.4,82.4,2600,0,7700,False,3-5-7,"7-2-4,7-4-2,7-2-5,7-2-1,7-4-5,7-1-2,7-2-3"
4420260325020009,2026-03-26,大垣,9,3,元砂 勇雪,73.5,84.1,2600,0,23320,False,6-1-7,"3-5-1,3-1-5,3-5-6,3-5-7,3-7-5,3-5-2,3-5-4"
4420260325020010,2026-03-26,大垣,10,6,村上 直久,79.6,80.9,700,0,1190,False,5-2-1,"6-5-2,6-7-3,6-4-7,6-7-4"
4420260325020011,2026-03-26,大垣,11,5,瓜生 崇智,81.5,81.5,1600,0,5190,False,1-6-2,"5-6-2,5-2-6,5-1-2,5-2-1,5-1-3,5-3-1,5-2-3"
4420260325020012,2026-03-26,大垣,12,1,松本 貴治,91.8,91.8,2600,0,4500,False,7-1-6,"1-7-5,1-5-7,1-7-6,1-7-3,1-6-7,1-3-7,1-7-4"
