race_id,venue,date,is_chaos,actual,A_bet,A_hit,A_invest,A_return,B_bet,B_hit,B_invest,B_return,A_only_hit,B_only_hit,both_hit
2420260131020006,宇都宮,2026-02-01,False,4-5-2,0,0,0,0,1,1,2400,3790,0,1,0
2420260131020007,宇都宮,2026-02-01,False,4-6-5,1,1,2600,6850,1,1,2600,6850,0,0,1
2420260131020008,宇都宮,2026-02-01,False,3-1-7,1,1,2700,3810,1,1,2700,3810,0,0,1
2420260131020009,宇都宮,2026-02-01,True,1-3-6,0,0,0,0,0,0,0,0,0,0,0
2420260131020010,宇都宮,2026-02-01,True,2-4-3,0,0,0,0,0,0,0,0,0,0,0
2420260131020011,宇都宮,2026-02-01,True,2-5-1,0,0,0,0,0,0,0,0,0,0,0
2420260131020012,宇都宮,2026-02-01,True,1-3-2,0,0,0,0,0,0,0,0,0,0,0
4720260201010008,松阪,2026-02-01,False,3-6-1,0,0,0,0,0,0,0,0,0,0,0
4720260201010009,松阪,2026-02-01,True,3-1-4,0,0,0,0,0,0,0,0,0,0,0
4720260201010010,松阪,2026-02-01,True,5-2-1,0,0,0,0,0,0,0,0,0,0,0
4720260201010011,松阪,2026-02-01,True,4-6-2,0,0,0,0,0,0,0,0,0,0,0
4720260201010012,松阪,2026-02-01,False,2-7-1,1,0,2600,0,1,0,2600,0,0,0,0
7320260129040001,小松島,2026-02-01,False,4-7-3,0,0,0,0,0,0,0,0,0,0,0
7320260129040002,小松島,2026-02-01,False,4-3-7,0,0,0,0,0,0,0,0,0,0,0
7320260129040003,小松島,2026-02-01,False,5-2-8,0,0,0,0,0,0,0,0,0,0,0
7320260129040004,小松島,2026-02-01,True,7-1-9,0,0,0,0,0,0,0,0,0,0,0
7320260129040005,小松島,2026-02-01,True,3-9-8,0,0,0,0,0,0,0,0,0,0,0
7320260129040006,小松島,2026-02-01,False,5-4-7,0,0,0,0,0,0,0,0,0,0,0
7320260129040007,小松島,2026-02-01,True,1-5-6,0,0,0,0,0,0,0,0,0,0,0
7320260129040008,小松島,2026-02-01,True,5-1-4,0,0,0,0,0,0,0,0,0,0,0
7320260129040009,小松島,2026-02-01,True,1-7-6,0,0,0,0,0,0,0,0,0,0,0
7320260129040010,小松島,2026-02-01,False,1-4-2,0,0,0,0,0,0,0,0,0,0,0
7320260129040011,小松島,2026-02-01,True,7-2-4,0,0,0,0,0,0,0,0,0,0,0
7320260129040012,小松島,2026-02-01,True,2-3-8,0,0,0,0,0,0,0,0,0,0,0
2420260131030005,宇都宮,2026-02-02,True,1-6-4,0,0,0,0,0,0,0,0,0,0,0
2420260131030006,宇都宮,2026-02-02,False,7-6-5,1,0,2500,0,1,0,2400,0,0,0,0
2420260131030007,宇都宮,2026-02-02,False,7-1-3,1,0,2600,0,1,0,2600,0,0,0,0
2420260131030008,宇都宮,2026-02-02,False,2-5-4,1,0,2600,0,1,0,2600,0,0,0,0
2420260131030009,宇都宮,2026-02-02,True,3-2-5,0,0,0,0,0,0,0,0,0,0,0
2420260131030010,宇都宮,2026-02-02,True,2-3-7,0,0,0,0,0,0,0,0,0,0,0
2420260131030012,宇都宮,2026-02-02,True,2-7-3,0,0,0,0,0,0,0,0,0,0,0
4720260201020008,松阪,2026-02-02,False,2-7-5,1,1,2600,3180,1,1,2400,530,0,0,1
4720260201020009,松阪,2026-02-02,False,1-2-7,1,0,2200,0,1,0,2500,0,0,0,0
4720260201020010,松阪,2026-02-02,True,4-2-1,0,0,0,0,0,0,0,0,0,0,0
4720260201020011,松阪,2026-02-02,True,1-7-3,0,0,0,0,0,0,0,0,0,0,0
4720260201020012,松阪,2026-02-02,True,5-1-2,0,0,0,0,0,0,0,0,0,0,0
2720260203010006,京王閣,2026-02-03,True,7-1-2,0,0,0,0,0,0,0,0,0,0,0
2720260203010007,京王閣,2026-02-03,True,2-1-4,0,0,0,0,0,0,0,0,0,0,0
2720260203010008,京王閣,2026-02-03,False,2-3-6,1,0,2500,0,1,0,2500,0,0,0,0
2720260203010009,京王閣,2026-02-03,True,2-4-6,0,0,0,0,0,0,0,0,0,0,0
2720260203010010,京王閣,2026-02-03,True,7-6-1,0,0,0,0,0,0,0,0,0,0,0
2720260203010011,京王閣,2026-02-03,False,4-1-7,1,1,2500,830,1,1,2400,830,0,0,1
2720260203010012,京王閣,2026-02-03,True,1-5-2,0,0,0,0,0,0,0,0,0,0,0
4720260201030006,松阪,2026-02-03,False,1-4-5,1,1,2500,3490,1,0,2600,0,1,0,0
4720260201030007,松阪,2026-02-03,False,5-7-6,1,0,2400,0,1,0,2500,0,0,0,0
4720260201030008,松阪,2026-02-03,True,5-3-6,0,0,0,0,0,0,0,0,0,0,0
4720260201030009,松阪,2026-02-03,False,6-1-7,1,0,2600,0,1,0,2700,0,0,0,0
4720260201030012,松阪,2026-02-03,False,4-7-1,1,0,2500,0,1,0,2500,0,0,0,0
2720260203020006,京王閣,2026-02-04,False,3-4-7,0,0,0,0,1,0,2500,0,0,0,0
2720260203020007,京王閣,2026-02-04,False,5-2-3,1,1,2500,48800,1,1,2600,12200,0,0,1
2720260203020008,京王閣,2026-02-04,True,4-1-2,0,0,0,0,0,0,0,0,0,0,0
2720260203020009,京王閣,2026-02-04,False,2-5-4,1,1,2600,153840,1,1,2600,166660,0,0,1
2720260203020010,京王閣,2026-02-04,True,5-4-6,0,0,0,0,0,0,0,0,0,0,0
2720260203020011,京王閣,2026-02-04,True,3-5-6,0,0,0,0,0,0,0,0,0,0,0
2720260203020012,京王閣,2026-02-04,True,4-1-7,0,0,0,0,0,0,0,0,0,0,0
3120260204010006,松戸,2026-02-04,False,5-2-7,1,0,2600,0,1,0,2200,0,0,0,0
3120260204010007,松戸,2026-02-04,False,2-4-3,1,1,2600,1700,1,1,2600,1700,0,0,1
3120260204010008,松戸,2026-02-04,False,5-7-1,1,0,2400,0,1,0,2500,0,0,0,0
3120260204010009,松戸,2026-02-04,True,1-7-4,0,0,0,0,0,0,0,0,0,0,0
3120260204010010,松戸,2026-02-04,False,5-2-3,1,0,2600,0,1,0,2700,0,0,0,0
3120260204010011,松戸,2026-02-04,False,3-2-7,1,1,2600,6030,1,1,2600,6030,0,0,1
3120260204010012,松戸,2026-02-04,False,4-5-7,1,0,2600,0,1,1,2600,4690,0,1,0
2720260203030005,京王閣,2026-02-05,False,1-5-4,1,1,2500,1310,1,1,2500,1310,0,0,1
2720260203030006,京王閣,2026-02-05,False,7-5-3,0,0,0,0,1,1,2400,6960,0,1,0
2720260203030007,京王閣,2026-02-05,False,4-2-1,1,0,2400,0,1,0,2500,0,0,0,0
2720260203030008,京王閣,2026-02-05,False,7-1-2,1,1,2500,6670,0,0,0,0,1,0,0
2720260203030009,京王閣,2026-02-05,True,3-5-2,0,0,0,0,0,0,0,0,0,0,0
2720260203030010,京王閣,2026-02-05,True,4-5-1,0,0,0,0,0,0,0,0,0,0,0
2720260203030012,京王閣,2026-02-05,True,1-4-3,0,0,0,0,0,0,0,0,0,0,0
3120260204020006,松戸,2026-02-05,False,5-7-4,0,0,0,0,1,0,2300,0,0,0,0
3120260204020007,松戸,2026-02-05,False,4-1-2,0,0,0,0,1,0,2500,0,0,0,0
3120260204020008,松戸,2026-02-05,True,1-2-4,0,0,0,0,0,0,0,0,0,0,0
3120260204020009,松戸,2026-02-05,False,7-6-4,1,0,2500,0,1,0,2600,0,0,0,0
3120260204020010,松戸,2026-02-05,True,4-5-1,0,0,0,0,0,0,0,0,0,0,0
3120260204020011,松戸,2026-02-05,True,7-2-4,0,0,0,0,0,0,0,0,0,0,0
3120260204020012,松戸,2026-02-05,True,2-6-4,0,0,0,0,0,0,0,0,0,0,0
5320260205010001,奈良,2026-02-05,False,1-5-6,0,0,0,0,0,0,0,0,0,0,0
5320260205010002,奈良,2026-02-05,False,2-9-5,0,0,0,0,0,0,0,0,0,0,0
5320260205010003,奈良,2026-02-05,False,1-9-3,0,0,0,0,0,0,0,0,0,0,0
5320260205010004,奈良,2026-02-05,True,1-4-7,0,0,0,0,0,0,0,0,0,0,0
5320260205010005,奈良,2026-02-05,True,2-3-1,0,0,0,0,0,0,0,0,0,0,0
5320260205010006,奈良,2026-02-05,False,7-2-1,0,0,0,0,0,0,0,0,0,0,0
5320260205010007,奈良,2026-02-05,False,7-1-5,0,0,0,0,0,0,0,0,0,0,0
5320260205010008,奈良,2026-02-05,False,9-5-3,0,0,0,0,0,0,0,0,0,0,0
5320260205010009,奈良,2026-02-05,False,4-7-5,0,0,0,0,0,0,0,0,0,0,0
5320260205010010,奈良,2026-02-05,True,1-7-2,0,0,0,0,0,0,0,0,0,0,0
5320260205010011,奈良,2026-02-05,False,5-7-9,0,0,0,0,0,0,0,0,0,0,0
5320260205010012,奈良,2026-02-05,True,1-5-2,0,0,0,0,0,0,0,0,0,0,0
3120260204030005,松戸,2026-02-06,False,4-1-3,0,0,0,0,1,0,2400,0,0,0,0
3120260204030006,松戸,2026-02-06,True,5-4-3,0,0,0,0,0,0,0,0,0,0,0
3120260204030008,松戸,2026-02-06,True,5-3-1,0,0,0,0,0,0,0,0,0,0,0
3120260204030009,松戸,2026-02-06,True,7-4-3,0,0,0,0,0,0,0,0,0,0,0
3120260204030010,松戸,2026-02-06,True,3-7-1,0,0,0,0,0,0,0,0,0,0,0
3120260204030012,松戸,2026-02-06,True,3-6-7,0,0,0,0,0,0,0,0,0,0,0
5320260205020001,奈良,2026-02-06,True,1-9-5,0,0,0,0,0,0,0,0,0,0,0
5320260205020002,奈良,2026-02-06,False,9-1-3,0,0,0,0,0,0,0,0,0,0,0
5320260205020003,奈良,2026-02-06,False,9-3-4,0,0,0,0,0,0,0,0,0,0,0
5320260205020004,奈良,2026-02-06,True,1-4-9,0,0,0,0,0,0,0,0,0,0,0
5320260205020005,奈良,2026-02-06,False,7-9-5,0,0,0,0,0,0,0,0,0,0,0
5320260205020006,奈良,2026-02-06,True,5-3-2,0,0,0,0,0,0,0,0,0,0,0
5320260205020007,奈良,2026-02-06,True,7-9-2,0,0,0,0,0,0,0,0,0,0,0
5320260205020008,奈良,2026-02-06,True,4-9-2,0,0,0,0,0,0,0,0,0,0,0
5320260205020009,奈良,2026-02-06,True,7-1-5,0,0,0,0,0,0,0,0,0,0,0
5320260205020010,奈良,2026-02-06,True,9-2-1,0,0,0,0,0,0,0,0,0,0,0
5320260205020011,奈良,2026-02-06,True,7-2-9,0,0,0,0,0,0,0,0,0,0,0
5320260205020012,奈良,2026-02-06,True,1-4-3,0,0,0,0,0,0,0,0,0,0,0
4320260207010008,岐阜,2026-02-07,False,3-5-6,0,0,0,0,0,0,0,0,0,0,0
4320260207010009,岐阜,2026-02-07,False,1-4-2,0,0,0,0,0,0,0,0,0,0,0
4320260207010010,岐阜,2026-02-07,True,1-7-3,0,0,0,0,0,0,0,0,0,0,0
4320260207010011,岐阜,2026-02-07,False,1-7-2,0,0,0,0,0,0,0,0,0,0,0
4320260207010012,岐阜,2026-02-07,True,4-1-3,0,0,0,0,0,0,0,0,0,0,0
5320260205030001,奈良,2026-02-07,True,3-4-7,0,0,0,0,0,0,0,0,0,0,0
5320260205030002,奈良,2026-02-07,True,8-1-3,0,0,0,0,0,0,0,0,0,0,0
5320260205030003,奈良,2026-02-07,False,9-1-4,0,0,0,0,0,0,0,0,0,0,0
5320260205030004,奈良,2026-02-07,False,7-4-9,0,0,0,0,0,0,0,0,0,0,0
5320260205030005,奈良,2026-02-07,True,2-5-3,0,0,0,0,0,0,0,0,0,0,0
5320260205030006,奈良,2026-02-07,True,9-5-2,0,0,0,0,0,0,0,0,0,0,0
5320260205030007,奈良,2026-02-07,True,7-1-6,0,0,0,0,0,0,0,0,0,0,0
5320260205030008,奈良,2026-02-07,False,5-1-7,0,0,0,0,0,0,0,0,0,0,0
5320260205030009,奈良,2026-02-07,True,1-5-8,0,0,0,0,0,0,0,0,0,0,0
5320260205030010,奈良,2026-02-07,True,6-5-4,0,0,0,0,0,0,0,0,0,0,0
5320260205030011,奈良,2026-02-07,True,9-5-1,0,0,0,0,0,0,0,0,0,0,0
5320260205030012,奈良,2026-02-07,True,2-1-5,0,0,0,0,0,0,0,0,0,0,0
8120260207010006,小倉,2026-02-07,False,2-7-4,0,0,0,0,0,0,0,0,0,0,0
8120260207010007,小倉,2026-02-07,False,7-2-6,0,0,0,0,0,0,0,0,0,0,0
8120260207010008,小倉,2026-02-07,True,4-3-5,0,0,0,0,0,0,0,0,0,0,0
8120260207010009,小倉,2026-02-07,True,3-4-7,0,0,0,0,0,0,0,0,0,0,0
8120260207010010,小倉,2026-02-07,True,3-7-1,0,0,0,0,0,0,0,0,0,0,0
8120260207010011,小倉,2026-02-07,True,4-5-1,0,0,0,0,0,0,0,0,0,0,0
8120260207010012,小倉,2026-02-07,True,1-4-7,0,0,0,0,0,0,0,0,0,0,0
4320260207020008,岐阜,2026-02-08,False,1-5-4,0,0,0,0,0,0,0,0,0,0,0
4320260207020009,岐阜,2026-02-08,False,1-4-5,0,0,0,0,0,0,0,0,0,0,0
4320260207020010,岐阜,2026-02-08,True,4-3-7,0,0,0,0,0,0,0,0,0,0,0
4320260207020011,岐阜,2026-02-08,True,3-5-7,0,0,0,0,0,0,0,0,0,0,0
4320260207020012,岐阜,2026-02-08,True,7-4-1,0,0,0,0,0,0,0,0,0,0,0
5320260205040001,奈良,2026-02-08,True,6-1-5,0,0,0,0,0,0,0,0,0,0,0
5320260205040002,奈良,2026-02-08,False,4-2-1,0,0,0,0,0,0,0,0,0,0,0
5320260205040003,奈良,2026-02-08,False,4-2-3,0,0,0,0,0,0,0,0,0,0,0
5320260205040004,奈良,2026-02-08,True,2-8-9,0,0,0,0,0,0,0,0,0,0,0
5320260205040005,奈良,2026-02-08,True,2-5-8,0,0,0,0,0,0,0,0,0,0,0
5320260205040006,奈良,2026-02-08,False,3-7-8,0,0,0,0,0,0,0,0,0,0,0
5320260205040007,奈良,2026-02-08,True,2-4-5,0,0,0,0,0,0,0,0,0,0,0
5320260205040008,奈良,2026-02-08,True,2-4-9,0,0,0,0,0,0,0,0,0,0,0
5320260205040009,奈良,2026-02-08,True,8-2-7,0,0,0,0,0,0,0,0,0,0,0
5320260205040010,奈良,2026-02-08,True,9-7-4,0,0,0,0,0,0,0,0,0,0,0
5320260205040011,奈良,2026-02-08,True,7-4-3,0,0,0,0,0,0,0,0,0,0,0
5320260205040012,奈良,2026-02-08,True,9-2-8,0,0,0,0,0,0,0,0,0,0,0
8120260207020006,小倉,2026-02-08,False,1-2-3,0,0,0,0,0,0,0,0,0,0,0
8120260207020007,小倉,2026-02-08,True,3-4-1,0,0,0,0,0,0,0,0,0,0,0
8120260207020008,小倉,2026-02-08,True,4-1-7,0,0,0,0,0,0,0,0,0,0,0
8120260207020009,小倉,2026-02-08,True,7-4-3,0,0,0,0,0,0,0,0,0,0,0
8120260207020010,小倉,2026-02-08,True,7-3-2,0,0,0,0,0,0,0,0,0,0,0
8120260207020011,小倉,2026-02-08,True,1-5-4,0,0,0,0,0,0,0,0,0,0,0
8120260207020012,小倉,2026-02-08,True,1-5-6,0,0,0,0,0,0,0,0,0,0,0
2820260209010006,立川,2026-02-09,False,5-1-4,1,0,2600,0,1,0,2600,0,0,0,0
2820260209010008,立川,2026-02-09,False,5-3-2,1,1,2100,2470,1,0,2200,0,1,0,0
2820260209010009,立川,2026-02-09,False,2-5-7,1,0,2700,0,1,0,2300,0,0,0,0
2820260209010010,立川,2026-02-09,False,7-3-1,1,1,2600,2920,1,1,2600,2920,0,0,1
2820260209010011,立川,2026-02-09,False,5-2-4,1,1,2600,2830,1,0,2700,0,1,0,0
2820260209010012,立川,2026-02-09,False,7-5-4,1,0,2600,0,1,0,2600,0,0,0,0
3520260209010008,平塚,2026-02-09,True,7-3-6,0,0,0,0,0,0,0,0,0,0,0
3520260209010009,平塚,2026-02-09,True,2-7-1,0,0,0,0,0,0,0,0,0,0,0
3520260209010010,平塚,2026-02-09,False,5-1-2,1,0,2500,0,1,0,2500,0,0,0,0
3520260209010011,平塚,2026-02-09,True,5-1-2,0,0,0,0,0,0,0,0,0,0,0
3520260209010012,平塚,2026-02-09,True,7-2-3,0,0,0,0,0,0,0,0,0,0,0
4320260207030006,岐阜,2026-02-09,False,5-2-1,0,0,0,0,0,0,0,0,0,0,0
4320260207030007,岐阜,2026-02-09,True,4-7-2,0,0,0,0,0,0,0,0,0,0,0
4320260207030008,岐阜,2026-02-09,True,3-5-7,0,0,0,0,0,0,0,0,0,0,0
4320260207030009,岐阜,2026-02-09,True,7-5-1,0,0,0,0,0,0,0,0,0,0,0
4320260207030012,岐阜,2026-02-09,True,1-5-6,0,0,0,0,0,0,0,0,0,0,0
8120260207030005,小倉,2026-02-09,True,1-5-3,0,0,0,0,0,0,0,0,0,0,0
8120260207030006,小倉,2026-02-09,False,3-7-2,0,0,0,0,0,0,0,0,0,0,0
8120260207030007,小倉,2026-02-09,True,7-1-5,0,0,0,0,0,0,0,0,0,0,0
8120260207030008,小倉,2026-02-09,True,5-2-1,0,0,0,0,0,0,0,0,0,0,0
8120260207030009,小倉,2026-02-09,True,6-2-1,0,0,0,0,0,0,0,0,0,0,0
8120260207030010,小倉,2026-02-09,True,1-4-7,0,0,0,0,0,0,0,0,0,0,0
8120260207030012,小倉,2026-02-09,True,7-1-2,0,0,0,0,0,0,0,0,0,0,0
2820260209020006,立川,2026-02-10,False,4-1-2,1,0,2700,0,1,0,2700,0,0,0,0
2820260209020007,立川,2026-02-10,False,2-6-3,1,0,2500,0,1,0,2500,0,0,0,0
2820260209020008,立川,2026-02-10,True,5-3-2,0,0,0,0,0,0,0,0,0,0,0
2820260209020009,立川,2026-02-10,True,7-4-2,0,0,0,0,0,0,0,0,0,0,0
2820260209020010,立川,2026-02-10,True,2-5-1,0,0,0,0,0,0,0,0,0,0,0
2820260209020011,立川,2026-02-10,True,4-2-5,0,0,0,0,0,0,0,0,0,0,0
2820260209020012,立川,2026-02-10,True,1-4-2,0,0,0,0,0,0,0,0,0,0,0
3520260209020008,平塚,2026-02-10,True,3-5-1,0,0,0,0,0,0,0,0,0,0,0
3520260209020009,平塚,2026-02-10,True,6-2-1,0,0,0,0,0,0,0,0,0,0,0
3520260209020010,平塚,2026-02-10,True,2-7-5,0,0,0,0,0,0,0,0,0,0,0
3520260209020011,平塚,2026-02-10,True,2-7-1,0,0,0,0,0,0,0,0,0,0,0
3520260209020012,平塚,2026-02-10,True,7-1-5,0,0,0,0,0,0,0,0,0,0,0
7420260210010008,高知,2026-02-10,False,7-2-3,1,0,2600,0,1,0,2600,0,0,0,0
7420260210010009,高知,2026-02-10,False,1-7-3,1,0,2700,0,0,0,0,0,0,0,0
7420260210010010,高知,2026-02-10,False,1-7-4,1,0,2600,0,1,0,2600,0,0,0,0
7420260210010011,高知,2026-02-10,True,3-1-4,0,0,0,0,0,0,0,0,0,0,0
7420260210010012,高知,2026-02-10,True,1-5-6,0,0,0,0,0,0,0,0,0,0,0
2820260209030005,立川,2026-02-11,True,2-6-5,0,0,0,0,0,0,0,0,0,0,0
2820260209030006,立川,2026-02-11,False,4-5-3,1,1,2500,6160,1,1,2400,6160,0,0,1
2820260209030007,立川,2026-02-11,False,4-1-7,1,0,2700,0,1,0,2500,0,0,0,0
2820260209030009,立川,2026-02-11,True,4-6-2,0,0,0,0,0,0,0,0,0,0,0
2820260209030010,立川,2026-02-11,True,5-7-1,0,0,0,0,0,0,0,0,0,0,0
2820260209030011,立川,2026-02-11,True,1-5-7,0,0,0,0,0,0,0,0,0,0,0
2820260209030012,立川,2026-02-11,True,1-5-4,0,0,0,0,0,0,0,0,0,0,0
3520260209030006,平塚,2026-02-11,False,5-2-3,1,1,2400,9560,1,0,2500,0,1,0,0
3520260209030007,平塚,2026-02-11,True,2-7-4,0,0,0,0,0,0,0,0,0,0,0
3520260209030008,平塚,2026-02-11,True,2-4-1,0,0,0,0,0,0,0,0,0,0,0
3520260209030009,平塚,2026-02-11,True,5-1-3,0,0,0,0,0,0,0,0,0,0,0
3520260209030012,平塚,2026-02-11,True,5-4-1,0,0,0,0,0,0,0,0,0,0,0
7420260210020006,高知,2026-02-11,False,7-1-4,0,0,0,0,0,0,0,0,0,0,0
7420260210020007,高知,2026-02-11,False,4-3-2,0,0,0,0,0,0,0,0,0,0,0
7420260210020008,高知,2026-02-11,True,3-2-5,0,0,0,0,0,0,0,0,0,0,0
7420260210020009,高知,2026-02-11,False,2-6-3,1,0,2500,0,1,0,2400,0,0,0,0
7420260210020010,高知,2026-02-11,True,3-7-4,0,0,0,0,0,0,0,0,0,0,0
7420260210020011,高知,2026-02-11,True,4-1-5,0,0,0,0,0,0,0,0,0,0,0
7420260210020012,高知,2026-02-11,True,2-6-5,0,0,0,0,0,0,0,0,0,0,0
3820260212010001,静岡,2026-02-12,True,7-1-3,0,0,0,0,0,0,0,0,0,0,0
3820260212010002,静岡,2026-02-12,True,7-5-2,0,0,0,0,0,0,0,0,0,0,0
3820260212010003,静岡,2026-02-12,True,3-2-5,0,0,0,0,0,0,0,0,0,0,0
3820260212010004,静岡,2026-02-12,True,3-9-2,0,0,0,0,0,0,0,0,0,0,0
3820260212010005,静岡,2026-02-12,True,3-4-1,0,0,0,0,0,0,0,0,0,0,0
3820260212010006,静岡,2026-02-12,False,7-5-1,0,0,0,0,0,0,0,0,0,0,0
3820260212010007,静岡,2026-02-12,True,1-9-7,0,0,0,0,0,0,0,0,0,0,0
3820260212010008,静岡,2026-02-12,True,9-7-2,0,0,0,0,0,0,0,0,0,0,0
3820260212010009,静岡,2026-02-12,False,8-3-5,0,0,0,0,0,0,0,0,0,0,0
3820260212010010,静岡,2026-02-12,False,7-1-4,0,0,0,0,0,0,0,0,0,0,0
3820260212010011,静岡,2026-02-12,True,7-9-2,0,0,0,0,0,0,0,0,0,0,0
3820260212010012,静岡,2026-02-12,True,1-7-8,0,0,0,0,0,0,0,0,0,0,0
8620260212010006,別府,2026-02-12,False,4-2-5,1,0,2600,0,1,0,2500,0,0,0,0
8620260212010007,別府,2026-02-12,False,1-4-5,1,0,2500,0,1,0,2500,0,0,0,0
8620260212010008,別府,2026-02-12,True,4-7-2,0,0,0,0,0,0,0,0,0,0,0
8620260212010009,別府,2026-02-12,False,7-2-1,1,0,2400,0,1,0,2600,0,0,0,0
8620260212010010,別府,2026-02-12,True,5-1-2,0,0,0,0,0,0,0,0,0,0,0
8620260212010011,別府,2026-02-12,False,1-2-6,1,0,2500,0,1,0,2500,0,0,0,0
8620260212010012,別府,2026-02-12,False,1-5-4,1,0,2600,0,1,0,2700,0,0,0,0
3820260212020001,静岡,2026-02-13,False,2-3-1,0,0,0,0,0,0,0,0,0,0,0
3820260212020002,静岡,2026-02-13,False,5-9-2,0,0,0,0,0,0,0,0,0,0,0
3820260212020003,静岡,2026-02-13,True,1-9-7,0,0,0,0,0,0,0,0,0,0,0
3820260212020004,静岡,2026-02-13,True,9-7-5,0,0,0,0,0,0,0,0,0,0,0
3820260212020005,静岡,2026-02-13,False,1-9-5,0,0,0,0,0,0,0,0,0,0,0
3820260212020006,静岡,2026-02-13,True,3-9-8,0,0,0,0,0,0,0,0,0,0,0
3820260212020007,静岡,2026-02-13,True,7-8-5,0,0,0,0,0,0,0,0,0,0,0
3820260212020008,静岡,2026-02-13,True,1-8-3,0,0,0,0,0,0,0,0,0,0,0
3820260212020009,静岡,2026-02-13,True,9-2-1,0,0,0,0,0,0,0,0,0,0,0
3820260212020010,静岡,2026-02-13,True,7-1-8,0,0,0,0,0,0,0,0,0,0,0
3820260212020011,静岡,2026-02-13,True,1-3-7,0,0,0,0,0,0,0,0,0,0,0
3820260212020012,静岡,2026-02-13,True,1-7-3,0,0,0,0,0,0,0,0,0,0,0
8620260212020006,別府,2026-02-13,False,4-2-5,1,0,2300,0,0,0,0,0,0,0,0
8620260212020007,別府,2026-02-13,False,6-1-4,1,1,2500,109400,1,1,2600,43760,0,0,1
8620260212020008,別府,2026-02-13,True,3-4-5,0,0,0,0,0,0,0,0,0,0,0
8620260212020009,別府,2026-02-13,True,4-1-3,0,0,0,0,0,0,0,0,0,0,0
8620260212020010,別府,2026-02-13,True,2-1-7,0,0,0,0,0,0,0,0,0,0,0
8620260212020011,別府,2026-02-13,True,1-5-6,0,0,0,0,0,0,0,0,0,0,0
8620260212020012,別府,2026-02-13,True,4-3-1,0,0,0,0,0,0,0,0,0,0,0
2420260214010006,宇都宮,2026-02-14,False,3-5-7,1,1,2600,11690,1,1,2600,11690,0,0,1
2420260214010007,宇都宮,2026-02-14,True,7-1-2,0,0,0,0,0,0,0,0,0,0,0
2420260214010008,宇都宮,2026-02-14,False,1-7-4,1,1,2600,172250,1,1,2700,185500,0,0,1
2420260214010009,宇都宮,2026-02-14,False,2-4-7,1,0,2700,0,1,0,2500,0,0,0,0
2420260214010010,宇都宮,2026-02-14,False,4-6-3,1,0,2600,0,1,0,2600,0,0,0,0
2420260214010011,宇都宮,2026-02-14,True,5-3-4,0,0,0,0,0,0,0,0,0,0,0
2420260214010012,宇都宮,2026-02-14,True,3-6-7,0,0,0,0,0,0,0,0,0,0,0
3820260212030001,静岡,2026-02-14,False,5-7-1,0,0,0,0,0,0,0,0,0,0,0
3820260212030002,静岡,2026-02-14,False,5-9-3,0,0,0,0,0,0,0,0,0,0,0
3820260212030003,静岡,2026-02-14,False,3-9-1,0,0,0,0,0,0,0,0,0,0,0
3820260212030004,静岡,2026-02-14,True,6-1-9,0,0,0,0,0,0,0,0,0,0,0
3820260212030005,静岡,2026-02-14,True,3-4-8,0,0,0,0,0,0,0,0,0,0,0
3820260212030006,静岡,2026-02-14,True,2-7-6,0,0,0,0,0,0,0,0,0,0,0
3820260212030007,静岡,2026-02-14,True,1-9-3,0,0,0,0,0,0,0,0,0,0,0
3820260212030008,静岡,2026-02-14,True,6-2-3,0,0,0,0,0,0,0,0,0,0,0
3820260212030009,静岡,2026-02-14,True,9-8-2,0,0,0,0,0,0,0,0,0,0,0
3820260212030010,静岡,2026-02-14,True,1-7-3,0,0,0,0,0,0,0,0,0,0,0
3820260212030011,静岡,2026-02-14,True,9-7-5,0,0,0,0,0,0,0,0,0,0,0
3820260212030012,静岡,2026-02-14,True,9-6-5,0,0,0,0,0,0,0,0,0,0,0
7320260214010006,小松島,2026-02-14,False,3-7-1,0,0,0,0,0,0,0,0,0,0,0
7320260214010007,小松島,2026-02-14,True,1-7-2,0,0,0,0,0,0,0,0,0,0,0
7320260214010008,小松島,2026-02-14,True,1-5-3,0,0,0,0,0,0,0,0,0,0,0
7320260214010009,小松島,2026-02-14,False,1-3-7,0,0,0,0,0,0,0,0,0,0,0
7320260214010010,小松島,2026-02-14,False,5-1-4,0,0,0,0,0,0,0,0,0,0,0
7320260214010011,小松島,2026-02-14,True,2-4-5,0,0,0,0,0,0,0,0,0,0,0
7320260214010012,小松島,2026-02-14,True,3-1-4,0,0,0,0,0,0,0,0,0,0,0
8620260212030005,別府,2026-02-14,False,5-1-6,1,1,2600,3580,1,1,2600,3580,0,0,1
8620260212030006,別府,2026-02-14,False,5-2-7,1,1,2500,8750,1,1,2700,8750,0,0,1
8620260212030007,別府,2026-02-14,True,2-4-3,0,0,0,0,0,0,0,0,0,0,0
8620260212030009,別府,2026-02-14,True,1-5-7,0,0,0,0,0,0,0,0,0,0,0
8620260212030010,別府,2026-02-14,True,3-1-7,0,0,0,0,0,0,0,0,0,0,0
8620260212030012,別府,2026-02-14,True,2-7-5,0,0,0,0,0,0,0,0,0,0,0
2420260214020006,宇都宮,2026-02-15,False,1-7-4,1,0,2600,0,1,0,2600,0,0,0,0
2420260214020007,宇都宮,2026-02-15,False,4-3-6,1,0,2400,0,1,0,2400,0,0,0,0
2420260214020008,宇都宮,2026-02-15,True,1-3-2,0,0,0,0,0,0,0,0,0,0,0
2420260214020009,宇都宮,2026-02-15,True,2-7-5,0,0,0,0,0,0,0,0,0,0,0
2420260214020010,宇都宮,2026-02-15,True,5-4-3,0,0,0,0,0,0,0,0,0,0,0
2420260214020011,宇都宮,2026-02-15,True,5-1-4,0,0,0,0,0,0,0,0,0,0,0
2420260214020012,宇都宮,2026-02-15,True,1-2-4,0,0,0,0,0,0,0,0,0,0,0
3820260212040001,静岡,2026-02-15,False,1-7-5,0,0,0,0,0,0,0,0,0,0,0
3820260212040002,静岡,2026-02-15,False,7-5-1,0,0,0,0,0,0,0,0,0,0,0
3820260212040003,静岡,2026-02-15,False,6-1-9,0,0,0,0,0,0,0,0,0,0,0
3820260212040004,静岡,2026-02-15,True,7-9-5,0,0,0,0,0,0,0,0,0,0,0
3820260212040005,静岡,2026-02-15,True,7-3-1,0,0,0,0,0,0,0,0,0,0,0
3820260212040006,静岡,2026-02-15,True,9-1-7,0,0,0,0,0,0,0,0,0,0,0
3820260212040007,静岡,2026-02-15,True,5-9-7,0,0,0,0,0,0,0,0,0,0,0
3820260212040008,静岡,2026-02-15,True,9-1-6,0,0,0,0,0,0,0,0,0,0,0
3820260212040009,静岡,2026-02-15,True,1-2-4,0,0,0,0,0,0,0,0,0,0,0
3820260212040010,静岡,2026-02-15,True,2-8-7,0,0,0,0,0,0,0,0,0,0,0
3820260212040011,静岡,2026-02-15,True,9-7-5,0,0,0,0,0,0,0,0,0,0,0
3820260212040012,静岡,2026-02-15,True,3-8-9,0,0,0,0,0,0,0,0,0,0,0
7320260214020006,小松島,2026-02-15,False,2-6-4,0,0,0,0,0,0,0,0,0,0,0
7320260214020007,小松島,2026-02-15,False,1-5-6,0,0,0,0,0,0,0,0,0,0,0
7320260214020008,小松島,2026-02-15,True,1-4-3,0,0,0,0,0,0,0,0,0,0,0
7320260214020009,小松島,2026-02-15,False,3-7-4,0,0,0,0,0,0,0,0,0,0,0
7320260214020010,小松島,2026-02-15,True,3-4-7,0,0,0,0,0,0,0,0,0,0,0
7320260214020011,小松島,2026-02-15,True,5-2-6,0,0,0,0,0,0,0,0,0,0,0
7320260214020012,小松島,2026-02-15,True,5-3-1,0,0,0,0,0,0,0,0,0,0,0
2420260214030005,宇都宮,2026-02-16,True,2-1-5,0,0,0,0,0,0,0,0,0,0,0
2420260214030006,宇都宮,2026-02-16,False,5-2-1,1,0,2600,0,1,0,2600,0,0,0,0
2420260214030007,宇都宮,2026-02-16,False,7-3-4,1,0,2400,0,1,0,2400,0,0,0,0
2420260214030008,宇都宮,2026-02-16,True,1-5-3,0,0,0,0,0,0,0,0,0,0,0
2420260214030009,宇都宮,2026-02-16,True,1-3-5,0,0,0,0,0,0,0,0,0,0,0
2420260214030010,宇都宮,2026-02-16,True,1-2-7,0,0,0,0,0,0,0,0,0,0,0
2420260214030012,宇都宮,2026-02-16,True,1-4-2,0,0,0,0,0,0,0,0,0,0,0
4320260216010006,岐阜,2026-02-16,True,3-7-4,0,0,0,0,0,0,0,0,0,0,0
4320260216010007,岐阜,2026-02-16,True,1-6-7,0,0,0,0,0,0,0,0,0,0,0
4320260216010008,岐阜,2026-02-16,False,1-3-7,0,0,0,0,0,0,0,0,0,0,0
4320260216010009,岐阜,2026-02-16,True,2-7-1,0,0,0,0,0,0,0,0,0,0,0
4320260216010010,岐阜,2026-02-16,True,7-6-1,0,0,0,0,0,0,0,0,0,0,0
4320260216010011,岐阜,2026-02-16,True,1-4-6,0,0,0,0,0,0,0,0,0,0,0
4320260216010012,岐阜,2026-02-16,True,5-2-3,0,0,0,0,0,0,0,0,0,0,0
7320260214030005,小松島,2026-02-16,True,4-1-3,0,0,0,0,0,0,0,0,0,0,0
7320260214030006,小松島,2026-02-16,True,7-5-3,0,0,0,0,0,0,0,0,0,0,0
7320260214030007,小松島,2026-02-16,False,5-2-7,0,0,0,0,0,0,0,0,0,0,0
7320260214030008,小松島,2026-02-16,True,4-3-2,0,0,0,0,0,0,0,0,0,0,0
7320260214030009,小松島,2026-02-16,True,2-1-5,0,0,0,0,0,0,0,0,0,0,0
7320260214030010,小松島,2026-02-16,True,7-4-1,0,0,0,0,0,0,0,0,0,0,0
7320260214030012,小松島,2026-02-16,True,2-6-1,0,0,0,0,0,0,0,0,0,0,0
2320260217010006,取手,2026-02-17,True,1-4-2,0,0,0,0,0,0,0,0,0,0,0
2320260217010007,取手,2026-02-17,False,3-7-1,1,1,2500,990,1,1,2600,990,0,0,1
2320260217010008,取手,2026-02-17,False,5-1-6,1,0,2400,0,1,0,2700,0,0,0,0
2320260217010009,取手,2026-02-17,True,5-1-4,0,0,0,0,0,0,0,0,0,0,0
2320260217010010,取手,2026-02-17,True,4-1-3,0,0,0,0,0,0,0,0,0,0,0
2320260217010011,取手,2026-02-17,True,4-1-2,0,0,0,0,0,0,0,0,0,0,0
2320260217010012,取手,2026-02-17,False,5-7-2,1,1,2400,11120,1,1,2600,11120,0,0,1
8320260217010006,久留米,2026-02-17,True,1-4-6,0,0,0,0,0,0,0,0,0,0,0
8320260217010007,久留米,2026-02-17,True,7-3-1,0,0,0,0,0,0,0,0,0,0,0
8320260217010008,久留米,2026-02-17,True,5-3-7,0,0,0,0,0,0,0,0,0,0,0
8320260217010009,久留米,2026-02-17,True,5-1-4,0,0,0,0,0,0,0,0,0,0,0
8320260217010010,久留米,2026-02-17,True,1-7-4,0,0,0,0,0,0,0,0,0,0,0
8320260217010011,久留米,2026-02-17,False,5-6-7,0,0,0,0,0,0,0,0,0,0,0
8320260217010012,久留米,2026-02-17,True,6-4-1,0,0,0,0,0,0,0,0,0,0,0
2320260217020006,取手,2026-02-18,False,1-2-7,1,0,2600,0,1,0,2300,0,0,0,0
2320260217020007,取手,2026-02-18,False,7-3-1,1,1,2400,790,1,1,2400,790,0,0,1
2320260217020008,取手,2026-02-18,True,7-4-5,0,0,0,0,0,0,0,0,0,0,0
2320260217020009,取手,2026-02-18,True,4-7-2,0,0,0,0,0,0,0,0,0,0,0
2320260217020010,取手,2026-02-18,True,2-6-7,0,0,0,0,0,0,0,0,0,0,0
2320260217020011,取手,2026-02-18,True,1-2-4,0,0,0,0,0,0,0,0,0,0,0
2320260217020012,取手,2026-02-18,True,1-7-2,0,0,0,0,0,0,0,0,0,0,0
8320260217020006,久留米,2026-02-18,True,2-1-5,0,0,0,0,0,0,0,0,0,0,0
8320260217020007,久留米,2026-02-18,False,3-7-2,0,0,0,0,0,0,0,0,0,0,0
8320260217020008,久留米,2026-02-18,True,2-6-7,0,0,0,0,0,0,0,0,0,0,0
8320260217020009,久留米,2026-02-18,True,3-4-7,0,0,0,0,0,0,0,0,0,0,0
8320260217020010,久留米,2026-02-18,True,6-4-3,0,0,0,0,0,0,0,0,0,0,0
8320260217020011,久留米,2026-02-18,True,2-4-7,0,0,0,0,0,0,0,0,0,0,0
8320260217020012,久留米,2026-02-18,True,7-2-1,0,0,0,0,0,0,0,0,0,0,0
2320260217030005,取手,2026-02-19,True,4-3-5,0,0,0,0,0,0,0,0,0,0,0
2320260217030006,取手,2026-02-19,False,7-5-1,1,0,2500,0,1,0,2500,0,0,0,0
2320260217030007,取手,2026-02-19,False,3-5-6,1,0,2500,0,1,0,2400,0,0,0,0
2320260217030008,取手,2026-02-19,True,1-4-5,0,0,0,0,0,0,0,0,0,0,0
2320260217030009,取手,2026-02-19,True,4-1-3,0,0,0,0,0,0,0,0,0,0,0
2320260217030010,取手,2026-02-19,True,2-3-4,0,0,0,0,0,0,0,0,0,0,0
2320260217030011,取手,2026-02-19,False,1-7-3,0,0,0,0,0,0,0,0,0,0,0
2320260217030012,取手,2026-02-19,True,2-5-7,0,0,0,0,0,0,0,0,0,0,0
8320260217030005,久留米,2026-02-19,False,5-3-4,0,0,0,0,0,0,0,0,0,0,0
8320260217030006,久留米,2026-02-19,True,1-5-3,0,0,0,0,0,0,0,0,0,0,0
8320260217030007,久留米,2026-02-19,True,7-5-1,0,0,0,0,0,0,0,0,0,0,0
8320260217030008,久留米,2026-02-19,True,7-1-3,0,0,0,0,0,0,0,0,0,0,0
8320260217030009,久留米,2026-02-19,True,3-2-7,0,0,0,0,0,0,0,0,0,0,0
8320260217030010,久留米,2026-02-19,False,4-5-1,0,0,0,0,0,0,0,0,0,0,0
8320260217030012,久留米,2026-02-19,True,4-2-1,0,0,0,0,0,0,0,0,0,0,0
3720260220010006,伊東,2026-02-20,True,2-5-3,0,0,0,0,0,0,0,0,0,0,0
3720260220010007,伊東,2026-02-20,True,1-3-7,0,0,0,0,0,0,0,0,0,0,0
3720260220010008,伊東,2026-02-20,True,5-1-4,0,0,0,0,0,0,0,0,0,0,0
3720260220010009,伊東,2026-02-20,True,1-4-3,0,0,0,0,0,0,0,0,0,0,0
3720260220010010,伊東,2026-02-20,False,2-1-7,1,1,2500,2440,1,1,2600,2440,0,0,1
3720260220010011,伊東,2026-02-20,True,5-7-4,0,0,0,0,0,0,0,0,0,0,0
3720260220010012,伊東,2026-02-20,True,4-5-1,0,0,0,0,0,0,0,0,0,0,0
8720260220010001,熊本,2026-02-20,True,5-3-1,0,0,0,0,0,0,0,0,0,0,0
8720260220010002,熊本,2026-02-20,True,1-2-3,0,0,0,0,0,0,0,0,0,0,0
8720260220010003,熊本,2026-02-20,True,7-2-1,0,0,0,0,0,0,0,0,0,0,0
8720260220010004,熊本,2026-02-20,True,1-3-5,0,0,0,0,0,0,0,0,0,0,0
8720260220010005,熊本,2026-02-20,True,9-7-4,0,0,0,0,0,0,0,0,0,0,0
8720260220010006,熊本,2026-02-20,True,6-1-7,0,0,0,0,0,0,0,0,0,0,0
8720260220010007,熊本,2026-02-20,True,2-5-7,0,0,0,0,0,0,0,0,0,0,0
8720260220010008,熊本,2026-02-20,True,2-7-1,0,0,0,0,0,0,0,0,0,0,0
8720260220010009,熊本,2026-02-20,True,1-3-9,0,0,0,0,0,0,0,0,0,0,0
8720260220010010,熊本,2026-02-20,True,1-2-6,0,0,0,0,0,0,0,0,0,0,0
8720260220010011,熊本,2026-02-20,True,2-8-9,0,0,0,0,0,0,0,0,0,0,0
8720260220010012,熊本,2026-02-20,False,9-1-2,1,0,2500,0,1,0,2500,0,0,0,0
3720260220020006,伊東,2026-02-21,False,3-1-2,1,0,2500,0,1,1,2500,3930,0,1,0
3720260220020007,伊東,2026-02-21,False,1-2-4,1,0,2600,0,1,0,2500,0,0,0,0
3720260220020008,伊東,2026-02-21,True,3-5-2,0,0,0,0,0,0,0,0,0,0,0
3720260220020009,伊東,2026-02-21,True,3-7-1,0,0,0,0,0,0,0,0,0,0,0
3720260220020010,伊東,2026-02-21,True,2-7-4,0,0,0,0,0,0,0,0,0,0,0
3720260220020011,伊東,2026-02-21,True,2-1-7,0,0,0,0,0,0,0,0,0,0,0
3720260220020012,伊東,2026-02-21,True,1-4-7,0,0,0,0,0,0,0,0,0,0,0
6320260221010006,防府,2026-02-21,False,4-3-1,0,0,0,0,0,0,0,0,0,0,0
6320260221010007,防府,2026-02-21,True,5-2-3,0,0,0,0,0,0,0,0,0,0,0
6320260221010008,防府,2026-02-21,True,2-4-1,0,0,0,0,0,0,0,0,0,0,0
6320260221010009,防府,2026-02-21,True,6-5-2,0,0,0,0,0,0,0,0,0,0,0
6320260221010010,防府,2026-02-21,True,7-4-5,0,0,0,0,0,0,0,0,0,0,0
6320260221010011,防府,2026-02-21,False,1-7-2,0,0,0,0,0,0,0,0,0,0,0
6320260221010012,防府,2026-02-21,True,3-2-7,0,0,0,0,0,0,0,0,0,0,0
8720260220020001,熊本,2026-02-21,False,1-7-8,1,0,2600,0,0,0,0,0,0,0,0
8720260220020002,熊本,2026-02-21,True,2-4-5,0,0,0,0,0,0,0,0,0,0,0
8720260220020003,熊本,2026-02-21,True,3-8-4,0,0,0,0,0,0,0,0,0,0,0
8720260220020004,熊本,2026-02-21,True,5-3-4,0,0,0,0,0,0,0,0,0,0,0
8720260220020005,熊本,2026-02-21,True,7-3-5,0,0,0,0,0,0,0,0,0,0,0
8720260220020006,熊本,2026-02-21,True,6-4-9,0,0,0,0,0,0,0,0,0,0,0
8720260220020007,熊本,2026-02-21,True,5-2-9,0,0,0,0,0,0,0,0,0,0,0
8720260220020008,熊本,2026-02-21,True,1-9-7,0,0,0,0,0,0,0,0,0,0,0
8720260220020009,熊本,2026-02-21,True,2-5-7,0,0,0,0,0,0,0,0,0,0,0
8720260220020010,熊本,2026-02-21,True,7-1-2,0,0,0,0,0,0,0,0,0,0,0
8720260220020011,熊本,2026-02-21,True,7-6-1,0,0,0,0,0,0,0,0,0,0,0
8720260220020012,熊本,2026-02-21,True,7-4-6,0,0,0,0,0,0,0,0,0,0,0
3720260220030005,伊東,2026-02-22,False,5-2-1,1,0,2500,0,1,0,2600,0,0,0,0
3720260220030006,伊東,2026-02-22,False,1-4-2,1,0,2400,0,1,0,2400,0,0,0,0
3720260220030007,伊東,2026-02-22,False,1-5-2,1,0,2200,0,1,0,2600,0,0,0,0
3720260220030008,伊東,2026-02-22,True,4-2-6,0,0,0,0,0,0,0,0,0,0,0
3720260220030009,伊東,2026-02-22,True,4-7-1,0,0,0,0,0,0,0,0,0,0,0
3720260220030010,伊東,2026-02-22,True,2-1-4,0,0,0,0,0,0,0,0,0,0,0
3720260220030012,伊東,2026-02-22,True,3-7-2,0,0,0,0,0,0,0,0,0,0,0
6320260221020006,防府,2026-02-22,False,1-4-3,0,0,0,0,0,0,0,0,0,0,0
6320260221020007,防府,2026-02-22,False,4-1-3,0,0,0,0,0,0,0,0,0,0,0
6320260221020008,防府,2026-02-22,True,2-4-7,0,0,0,0,0,0,0,0,0,0,0
6320260221020009,防府,2026-02-22,True,2-7-1,0,0,0,0,0,0,0,0,0,0,0
6320260221020010,防府,2026-02-22,True,1-7-3,0,0,0,0,0,0,0,0,0,0,0
6320260221020011,防府,2026-02-22,True,5-4-3,0,0,0,0,0,0,0,0,0,0,0
6320260221020012,防府,2026-02-22,True,6-1-5,0,0,0,0,0,0,0,0,0,0,0
8720260220030001,熊本,2026-02-22,False,3-4-5,1,1,2200,3420,1,1,2200,3420,0,0,1
8720260220030002,熊本,2026-02-22,True,2-1-4,0,0,0,0,0,0,0,0,0,0,0
8720260220030003,熊本,2026-02-22,False,1-5-3,1,0,2400,0,1,0,2400,0,0,0,0
8720260220030004,熊本,2026-02-22,True,2-5-3,0,0,0,0,0,0,0,0,0,0,0
8720260220030005,熊本,2026-02-22,True,3-9-6,0,0,0,0,0,0,0,0,0,0,0
8720260220030006,熊本,2026-02-22,True,2-5-1,0,0,0,0,0,0,0,0,0,0,0
8720260220030007,熊本,2026-02-22,True,1-9-5,0,0,0,0,0,0,0,0,0,0,0
8720260220030008,熊本,2026-02-22,True,7-3-8,0,0,0,0,0,0,0,0,0,0,0
8720260220030009,熊本,2026-02-22,True,2-1-9,0,0,0,0,0,0,0,0,0,0,0
8720260220030010,熊本,2026-02-22,True,2-5-7,0,0,0,0,0,0,0,0,0,0,0
8720260220030011,熊本,2026-02-22,True,3-8-1,0,0,0,0,0,0,0,0,0,0,0
8720260220030012,熊本,2026-02-22,True,3-1-5,0,0,0,0,0,0,0,0,0,0,0
4520260223010006,豊橋,2026-02-23,False,2-7-5,1,1,2600,3170,1,1,2400,3170,0,0,1
4520260223010007,豊橋,2026-02-23,False,3-7-4,1,1,2400,6130,1,1,2400,6130,0,0,1
4520260223010008,豊橋,2026-02-23,True,1-4-7,0,0,0,0,0,0,0,0,0,0,0
4520260223010009,豊橋,2026-02-23,False,1-4-2,1,0,2600,0,1,0,2400,0,0,0,0
4520260223010010,豊橋,2026-02-23,True,2-4-6,0,0,0,0,0,0,0,0,0,0,0
4520260223010011,豊橋,2026-02-23,True,4-7-3,0,0,0,0,0,0,0,0,0,0,0
4520260223010012,豊橋,2026-02-23,True,3-1-2,0,0,0,0,0,0,0,0,0,0,0
6320260221030005,防府,2026-02-23,False,4-2-3,0,0,0,0,0,0,0,0,0,0,0
6320260221030006,防府,2026-02-23,False,1-3-5,0,0,0,0,0,0,0,0,0,0,0
6320260221030007,防府,2026-02-23,False,7-1-4,0,0,0,0,0,0,0,0,0,0,0
6320260221030008,防府,2026-02-23,True,7-4-3,0,0,0,0,0,0,0,0,0,0,0
6320260221030009,防府,2026-02-23,True,1-5-6,0,0,0,0,0,0,0,0,0,0,0
6320260221030010,防府,2026-02-23,True,1-5-7,0,0,0,0,0,0,0,0,0,0,0
6320260221030012,防府,2026-02-23,True,5-1-4,0,0,0,0,0,0,0,0,0,0,0
8720260220040001,熊本,2026-02-23,True,7-2-8,0,0,0,0,0,0,0,0,0,0,0
8720260220040002,熊本,2026-02-23,False,3-7-4,1,0,2500,0,1,0,2500,0,0,0,0
8720260220040003,熊本,2026-02-23,True,7-9-3,0,0,0,0,0,0,0,0,0,0,0
8720260220040004,熊本,2026-02-23,True,8-4-9,0,0,0,0,0,0,0,0,0,0,0
8720260220040005,熊本,2026-02-23,True,2-4-3,0,0,0,0,0,0,0,0,0,0,0
8720260220040006,熊本,2026-02-23,True,8-1-4,0,0,0,0,0,0,0,0,0,0,0
8720260220040007,熊本,2026-02-23,True,9-5-7,0,0,0,0,0,0,0,0,0,0,0
8720260220040008,熊本,2026-02-23,True,9-6-8,0,0,0,0,0,0,0,0,0,0,0
8720260220040009,熊本,2026-02-23,True,3-6-4,0,0,0,0,0,0,0,0,0,0,0
8720260220040010,熊本,2026-02-23,True,3-4-9,0,0,0,0,0,0,0,0,0,0,0
8720260220040011,熊本,2026-02-23,True,7-2-5,0,0,0,0,0,0,0,0,0,0,0
8720260220040012,熊本,2026-02-23,True,3-9-7,0,0,0,0,0,0,0,0,0,0,0
4520260223020006,豊橋,2026-02-24,True,1-2-6,0,0,0,0,0,0,0,0,0,0,0
4520260223020007,豊橋,2026-02-24,False,2-3-4,1,0,2500,0,1,0,2600,0,0,0,0
4520260223020008,豊橋,2026-02-24,True,5-1-7,0,0,0,0,0,0,0,0,0,0,0
4520260223020009,豊橋,2026-02-24,True,2-3-5,0,0,0,0,0,0,0,0,0,0,0
4520260223020010,豊橋,2026-02-24,True,5-3-1,0,0,0,0,0,0,0,0,0,0,0
4520260223020011,豊橋,2026-02-24,True,5-6-1,0,0,0,0,0,0,0,0,0,0,0
4520260223020012,豊橋,2026-02-24,True,4-1-7,0,0,0,0,0,0,0,0,0,0,0
5620260224010008,岸和田,2026-02-24,True,4-7-3,0,0,0,0,0,0,0,0,0,0,0
5620260224010009,岸和田,2026-02-24,True,4-6-3,0,0,0,0,0,0,0,0,0,0,0
5620260224010010,岸和田,2026-02-24,True,2-4-3,0,0,0,0,0,0,0,0,0,0,0
5620260224010011,岸和田,2026-02-24,True,1-3-2,0,0,0,0,0,0,0,0,0,0,0
5620260224010012,岸和田,2026-02-24,True,3-4-7,0,0,0,0,0,0,0,0,0,0,0
8620260224020001,別府,2026-02-24,False,3-6-4,0,0,0,0,0,0,0,0,0,0,0
8620260224020002,別府,2026-02-24,False,2-6-4,0,0,0,0,0,0,0,0,0,0,0
8620260224020003,別府,2026-02-24,False,1-7-2,0,0,0,0,1,1,2600,1240,0,1,0
8620260224020004,別府,2026-02-24,False,4-2-5,0,0,0,0,1,0,2400,0,0,0,0
8620260224020005,別府,2026-02-24,False,4-2-5,0,0,0,0,0,0,0,0,0,0,0
8620260224020006,別府,2026-02-24,False,7-6-4,0,0,0,0,0,0,0,0,0,0,0
8620260224020007,別府,2026-02-24,False,3-5-4,0,0,0,0,0,0,0,0,0,0,0
