レースNo,結果,race_id,日付,venue,軸,決着,決着オッズ,買い目順位,組み合わせ,EV,配分(円),的中フラグ,回収(円),総投資(円),純益(円),カオス,鬼脚,top_ev
1,外れ,2420260131020007,2026-02-01,宇都宮,6,4-6-5,6850,1,6-1-4,1.8327,200,0,0,300,-300,FALSE,TRUE,72.3
1,外れ,2420260131020007,2026-02-01,宇都宮,6,4-6-5,6850,2,6-4-1,0.7664,100,0,0,300,,FALSE,TRUE,72.3
2,外れ,4720260201010012,2026-02-01,松阪,3,2-7-1,12440,1,3-2-1,0,400,0,0,1100,-1100,FALSE,FALSE,85.9
2,外れ,4720260201010012,2026-02-01,松阪,3,2-7-1,12440,2,3-1-2,0,200,0,0,1100,,FALSE,FALSE,85.9
2,外れ,4720260201010012,2026-02-01,松阪,3,2-7-1,12440,3,3-2-6,0,100,0,0,1100,,FALSE,FALSE,85.9
2,外れ,4720260201010012,2026-02-01,松阪,3,2-7-1,12440,4,3-6-2,0,100,0,0,1100,,FALSE,FALSE,85.9
2,外れ,4720260201010012,2026-02-01,松阪,3,2-7-1,12440,5,3-1-5,0,100,0,0,1100,,FALSE,FALSE,85.9
2,外れ,4720260201010012,2026-02-01,松阪,3,2-7-1,12440,6,3-1-6,0,100,0,0,1100,,FALSE,FALSE,85.9
2,外れ,4720260201010012,2026-02-01,松阪,3,2-7-1,12440,7,3-6-1,0,100,0,0,1100,,FALSE,FALSE,85.9
3,外れ,2420260131030006,2026-02-02,宇都宮,6,7-6-5,36080,1,6-4-5,0.0192,400,0,0,700,-700,FALSE,TRUE,74.9
3,外れ,2420260131030006,2026-02-02,宇都宮,6,7-6-5,36080,2,6-4-2,0.0002,100,0,0,700,,FALSE,TRUE,74.9
3,外れ,2420260131030006,2026-02-02,宇都宮,6,7-6-5,36080,3,6-4-7,0,100,0,0,700,,FALSE,TRUE,74.9
3,外れ,2420260131030006,2026-02-02,宇都宮,6,7-6-5,36080,4,6-4-3,0,100,0,0,700,,FALSE,TRUE,74.9
4,外れ,2420260131030007,2026-02-02,宇都宮,4,7-1-3,13270,1,4-6-3,1.7504,1300,0,0,2600,-2600,FALSE,FALSE,70.6
4,外れ,2420260131030007,2026-02-02,宇都宮,4,7-1-3,13270,2,4-3-6,0.1576,100,0,0,2600,,FALSE,FALSE,70.6
4,外れ,2420260131030007,2026-02-02,宇都宮,4,7-1-3,13270,3,4-6-7,0.0596,100,0,0,2600,,FALSE,FALSE,70.6
4,外れ,2420260131030007,2026-02-02,宇都宮,4,7-1-3,13270,4,4-5-3,0.0243,100,0,0,2600,,FALSE,FALSE,70.6
4,外れ,2420260131030007,2026-02-02,宇都宮,4,7-1-3,13270,5,4-3-5,0.0219,100,0,0,2600,,FALSE,FALSE,70.6
4,外れ,2420260131030007,2026-02-02,宇都宮,4,7-1-3,13270,6,4-5-2,0.0096,100,0,0,2600,,FALSE,FALSE,70.6
4,外れ,2420260131030007,2026-02-02,宇都宮,4,7-1-3,13270,7,4-2-5,0.0071,100,0,0,2600,,FALSE,FALSE,70.6
4,外れ,2420260131030007,2026-02-02,宇都宮,4,7-1-3,13270,8,4-7-6,0.0027,100,0,0,2600,,FALSE,FALSE,70.6
4,外れ,2420260131030007,2026-02-02,宇都宮,4,7-1-3,13270,9,4-2-1,0.0032,100,0,0,2600,,FALSE,FALSE,70.6
4,外れ,2420260131030007,2026-02-02,宇都宮,4,7-1-3,13270,10,4-5-7,0.0004,100,0,0,2600,,FALSE,FALSE,70.6
4,外れ,2420260131030007,2026-02-02,宇都宮,4,7-1-3,13270,11,4-7-5,0.0001,100,0,0,2600,,FALSE,FALSE,70.6
4,外れ,2420260131030007,2026-02-02,宇都宮,4,7-1-3,13270,12,4-2-3,0.0003,100,0,0,2600,,FALSE,FALSE,70.6
4,外れ,2420260131030007,2026-02-02,宇都宮,4,7-1-3,13270,13,4-1-7,0.0001,100,0,0,2600,,FALSE,FALSE,70.6
4,外れ,2420260131030007,2026-02-02,宇都宮,4,7-1-3,13270,14,4-7-1,0,100,0,0,2600,,FALSE,FALSE,70.6
5,的中,4720260201020008,2026-02-02,松阪,2,2-7-5,530,1,2-7-5,3.0124,600,1,3180,2600,580,FALSE,FALSE,73.4
5,的中,4720260201020008,2026-02-02,松阪,2,2-7-5,530,2,2-5-7,3.134,800,0,0,2600,,FALSE,FALSE,73.4
5,的中,4720260201020008,2026-02-02,松阪,2,2-7-5,530,3,2-7-1,0.0386,100,0,0,2600,,FALSE,FALSE,73.4
5,的中,4720260201020008,2026-02-02,松阪,2,2-7-5,530,4,2-7-3,0.0317,100,0,0,2600,,FALSE,FALSE,73.4
5,的中,4720260201020008,2026-02-02,松阪,2,2-7-5,530,5,2-5-1,0.0881,100,0,0,2600,,FALSE,FALSE,73.4
5,的中,4720260201020008,2026-02-02,松阪,2,2-7-5,530,6,2-1-7,0.0451,100,0,0,2600,,FALSE,FALSE,73.4
5,的中,4720260201020008,2026-02-02,松阪,2,2-7-5,530,7,2-5-3,0.0465,100,0,0,2600,,FALSE,FALSE,73.4
5,的中,4720260201020008,2026-02-02,松阪,2,2-7-5,530,8,2-1-5,0.083,100,0,0,2600,,FALSE,FALSE,73.4
5,的中,4720260201020008,2026-02-02,松阪,2,2-7-5,530,9,2-3-7,0.0307,100,0,0,2600,,FALSE,FALSE,73.4
5,的中,4720260201020008,2026-02-02,松阪,2,2-7-5,530,10,2-3-5,0.0372,100,0,0,2600,,FALSE,FALSE,73.4
5,的中,4720260201020008,2026-02-02,松阪,2,2-7-5,530,11,2-7-4,0.0004,100,0,0,2600,,FALSE,FALSE,73.4
5,的中,4720260201020008,2026-02-02,松阪,2,2-7-5,530,12,2-7-6,0.0006,100,0,0,2600,,FALSE,FALSE,73.4
5,的中,4720260201020008,2026-02-02,松阪,2,2-7-5,530,13,2-5-4,0.0012,100,0,0,2600,,FALSE,FALSE,73.4
5,的中,4720260201020008,2026-02-02,松阪,2,2-7-5,530,14,2-4-7,0.001,100,0,0,2600,,FALSE,FALSE,73.4
6,外れ,4720260201020009,2026-02-02,松阪,7,1-2-7,2980,1,7-1-5,22.2392,500,0,0,1400,-1400,FALSE,FALSE,72
6,外れ,4720260201020009,2026-02-02,松阪,7,1-2-7,2980,2,7-5-1,15.4346,300,0,0,1400,,FALSE,FALSE,72
6,外れ,4720260201020009,2026-02-02,松阪,7,1-2-7,2980,3,7-1-6,0.0276,100,0,0,1400,,FALSE,FALSE,72
6,外れ,4720260201020009,2026-02-02,松阪,7,1-2-7,2980,4,7-1-4,0.0127,100,0,0,1400,,FALSE,FALSE,72
6,外れ,4720260201020009,2026-02-02,松阪,7,1-2-7,2980,5,7-1-2,0.0012,100,0,0,1400,,FALSE,FALSE,72
6,外れ,4720260201020009,2026-02-02,松阪,7,1-2-7,2980,6,7-2-1,0.0004,100,0,0,1400,,FALSE,FALSE,72
6,外れ,4720260201020009,2026-02-02,松阪,7,1-2-7,2980,7,7-5-2,0.0004,100,0,0,1400,,FALSE,FALSE,72
6,外れ,4720260201020009,2026-02-02,松阪,7,1-2-7,2980,8,7-2-5,0.0002,100,0,0,1400,,FALSE,FALSE,72
7,外れ,2720260203010008,2026-02-03,京王閣,1,2-3-6,45210,1,1-7-2,11.4998,1100,0,0,2500,-2500,FALSE,FALSE,83.8
7,外れ,2720260203010008,2026-02-03,京王閣,1,2-3-6,45210,2,1-2-7,1.3771,100,0,0,2500,,FALSE,FALSE,83.8
7,外れ,2720260203010008,2026-02-03,京王閣,1,2-3-6,45210,3,1-7-4,3.1559,100,0,0,2500,,FALSE,FALSE,83.8
7,外れ,2720260203010008,2026-02-03,京王閣,1,2-3-6,45210,4,1-7-5,3.5621,200,0,0,2500,,FALSE,FALSE,83.8
7,外れ,2720260203010008,2026-02-03,京王閣,1,2-3-6,45210,5,1-4-7,0.4163,100,0,0,2500,,FALSE,FALSE,83.8
7,外れ,2720260203010008,2026-02-03,京王閣,1,2-3-6,45210,6,1-5-7,1.4566,100,0,0,2500,,FALSE,FALSE,83.8
7,外れ,2720260203010008,2026-02-03,京王閣,1,2-3-6,45210,7,1-4-6,0.6464,100,0,0,2500,,FALSE,FALSE,83.8
7,外れ,2720260203010008,2026-02-03,京王閣,1,2-3-6,45210,8,1-2-4,0.0326,100,0,0,2500,,FALSE,FALSE,83.8
7,外れ,2720260203010008,2026-02-03,京王閣,1,2-3-6,45210,9,1-4-2,0.0189,100,0,0,2500,,FALSE,FALSE,83.8
7,外れ,2720260203010008,2026-02-03,京王閣,1,2-3-6,45210,10,1-2-5,0.0631,100,0,0,2500,,FALSE,FALSE,83.8
7,外れ,2720260203010008,2026-02-03,京王閣,1,2-3-6,45210,11,1-5-2,0.1437,100,0,0,2500,,FALSE,FALSE,83.8
7,外れ,2720260203010008,2026-02-03,京王閣,1,2-3-6,45210,12,1-2-3,0.0955,100,0,0,2500,,FALSE,FALSE,83.8
7,外れ,2720260203010008,2026-02-03,京王閣,1,2-3-6,45210,13,1-4-5,0.0128,100,0,0,2500,,FALSE,FALSE,83.8
7,外れ,2720260203010008,2026-02-03,京王閣,1,2-3-6,45210,14,1-5-4,0.0366,100,0,0,2500,,FALSE,FALSE,83.8
8,外れ,2720260203010011,2026-02-03,京王閣,7,4-1-7,830,1,7-4-1,24.4246,900,0,0,1800,-1800,FALSE,FALSE,74.4
8,外れ,2720260203010011,2026-02-03,京王閣,7,4-1-7,830,2,7-4-2,3.7534,100,0,0,1800,,FALSE,FALSE,74.4
8,外れ,2720260203010011,2026-02-03,京王閣,7,4-1-7,830,3,7-4-3,1.8859,100,0,0,1800,,FALSE,FALSE,74.4
8,外れ,2720260203010011,2026-02-03,京王閣,7,4-1-7,830,4,7-1-4,0.0038,100,0,0,1800,,FALSE,FALSE,74.4
8,外れ,2720260203010011,2026-02-03,京王閣,7,4-1-7,830,5,7-2-4,0.0004,100,0,0,1800,,FALSE,FALSE,74.4
8,外れ,2720260203010011,2026-02-03,京王閣,7,4-1-7,830,6,7-1-2,0,100,0,0,1800,,FALSE,FALSE,74.4
8,外れ,2720260203010011,2026-02-03,京王閣,7,4-1-7,830,7,7-2-1,0,100,0,0,1800,,FALSE,FALSE,74.4
8,外れ,2720260203010011,2026-02-03,京王閣,7,4-1-7,830,8,7-1-3,0,100,0,0,1800,,FALSE,FALSE,74.4
8,外れ,2720260203010011,2026-02-03,京王閣,7,4-1-7,830,9,7-1-6,0,100,0,0,1800,,FALSE,FALSE,74.4
8,外れ,2720260203010011,2026-02-03,京王閣,7,4-1-7,830,10,7-2-3,0,100,0,0,1800,,FALSE,FALSE,74.4
9,外れ,4720260201030007,2026-02-03,松阪,3,5-7-6,78000,1,3-2-1,11.3603,400,0,0,1000,-1000,FALSE,FALSE,72.9
9,外れ,4720260201030007,2026-02-03,松阪,3,5-7-6,78000,2,3-2-5,8.8465,200,0,0,1000,,FALSE,FALSE,72.9
9,外れ,4720260201030007,2026-02-03,松阪,3,5-7-6,78000,3,3-1-2,2.1044,100,0,0,1000,,FALSE,FALSE,72.9
9,外れ,4720260201030007,2026-02-03,松阪,3,5-7-6,78000,4,3-5-2,1.9035,100,0,0,1000,,FALSE,FALSE,72.9
9,外れ,4720260201030007,2026-02-03,松阪,3,5-7-6,78000,5,3-1-5,0.0581,100,0,0,1000,,FALSE,FALSE,72.9
9,外れ,4720260201030007,2026-02-03,松阪,3,5-7-6,78000,6,3-5-1,0.0636,100,0,0,1000,,FALSE,FALSE,72.9
10,外れ,4720260201030009,2026-02-03,松阪,1,6-1-7,258080,1,1-4-7,24.2158,1200,0,0,2300,-2300,FALSE,TRUE,78.9
10,外れ,4720260201030009,2026-02-03,松阪,1,6-1-7,258080,2,1-7-4,0.0193,100,0,0,2300,,FALSE,TRUE,78.9
10,外れ,4720260201030009,2026-02-03,松阪,1,6-1-7,258080,3,1-4-5,0.0018,100,0,0,2300,,FALSE,TRUE,78.9
10,外れ,4720260201030009,2026-02-03,松阪,1,6-1-7,258080,4,1-7-2,0,100,0,0,2300,,FALSE,TRUE,78.9
10,外れ,4720260201030009,2026-02-03,松阪,1,6-1-7,258080,5,1-5-4,0,100,0,0,2300,,FALSE,TRUE,78.9
10,外れ,4720260201030009,2026-02-03,松阪,1,6-1-7,258080,6,1-7-3,0,100,0,0,2300,,FALSE,TRUE,78.9
10,外れ,4720260201030009,2026-02-03,松阪,1,6-1-7,258080,7,1-7-5,0,100,0,0,2300,,FALSE,TRUE,78.9
10,外れ,4720260201030009,2026-02-03,松阪,1,6-1-7,258080,8,1-5-7,0,100,0,0,2300,,FALSE,TRUE,78.9
10,外れ,4720260201030009,2026-02-03,松阪,1,6-1-7,258080,9,1-2-5,0,100,0,0,2300,,FALSE,TRUE,78.9
10,外れ,4720260201030009,2026-02-03,松阪,1,6-1-7,258080,10,1-5-2,0,100,0,0,2300,,FALSE,TRUE,78.9
10,外れ,4720260201030009,2026-02-03,松阪,1,6-1-7,258080,11,1-5-3,0,100,0,0,2300,,FALSE,TRUE,78.9
10,外れ,4720260201030009,2026-02-03,松阪,1,6-1-7,258080,12,1-5-6,0,100,0,0,2300,,FALSE,TRUE,78.9
11,的中,4720260201030012,2026-02-03,松阪,4,4-7-1,2350,1,4-3-1,13.9026,1200,0,0,2500,-150,FALSE,FALSE,84.1
11,的中,4720260201030012,2026-02-03,松阪,4,4-7-1,2350,2,4-1-3,2.1182,100,0,0,2500,,FALSE,FALSE,84.1
11,的中,4720260201030012,2026-02-03,松阪,4,4-7-1,2350,3,4-5-1,1.434,100,0,0,2500,,FALSE,FALSE,84.1
11,的中,4720260201030012,2026-02-03,松阪,4,4-7-1,2350,4,4-1-5,0.7518,100,0,0,2500,,FALSE,FALSE,84.1
11,的中,4720260201030012,2026-02-03,松阪,4,4-7-1,2350,5,4-3-7,0.0195,100,0,0,2500,,FALSE,FALSE,84.1
11,的中,4720260201030012,2026-02-03,松阪,4,4-7-1,2350,6,4-7-3,0.0028,100,0,0,2500,,FALSE,FALSE,84.1
11,的中,4720260201030012,2026-02-03,松阪,4,4-7-1,2350,7,4-6-3,0.005,100,0,0,2500,,FALSE,FALSE,84.1
11,的中,4720260201030012,2026-02-03,松阪,4,4-7-1,2350,8,4-1-7,0.0002,100,0,0,2500,,FALSE,FALSE,84.1
11,的中,4720260201030012,2026-02-03,松阪,4,4-7-1,2350,9,4-7-1,0.0002,100,1,2350,2500,,FALSE,FALSE,84.1
11,的中,4720260201030012,2026-02-03,松阪,4,4-7-1,2350,10,4-1-6,0.0006,100,0,0,2500,,FALSE,FALSE,84.1
11,的中,4720260201030012,2026-02-03,松阪,4,4-7-1,2350,11,4-1-2,0,100,0,0,2500,,FALSE,FALSE,84.1
11,的中,4720260201030012,2026-02-03,松阪,4,4-7-1,2350,12,4-2-1,0,100,0,0,2500,,FALSE,FALSE,84.1
11,的中,4720260201030012,2026-02-03,松阪,4,4-7-1,2350,13,4-7-6,0,100,0,0,2500,,FALSE,FALSE,84.1
11,的中,4720260201030012,2026-02-03,松阪,4,4-7-1,2350,14,4-7-2,0,100,0,0,2500,,FALSE,FALSE,84.1
12,的中,2720260203020007,2026-02-04,京王閣,5,5-2-3,12200,1,5-2-3,9.0438,400,1,48800,700,48100,FALSE,FALSE,71.6
12,的中,2720260203020007,2026-02-04,京王閣,5,5-2-3,12200,2,5-2-4,2.2527,100,0,0,700,,FALSE,FALSE,71.6
12,的中,2720260203020007,2026-02-04,京王閣,5,5-2-3,12200,3,5-2-6,0.0131,100,0,0,700,,FALSE,FALSE,71.6
12,的中,2720260203020007,2026-02-04,京王閣,5,5-2-3,12200,4,5-2-7,0.0036,100,0,0,700,,FALSE,FALSE,71.6
13,的中,2720260203020009,2026-02-04,京王閣,2,2-5-4,12820,1,2-5-4,68.9913,1200,1,153840,2600,151240,FALSE,TRUE,81.4
13,的中,2720260203020009,2026-02-04,京王閣,2,2-5-4,12820,2,2-5-6,16.1826,200,0,0,2600,,FALSE,TRUE,81.4
13,的中,2720260203020009,2026-02-04,京王閣,2,2-5-4,12820,3,2-5-1,3.2832,100,0,0,2600,,FALSE,TRUE,81.4
13,的中,2720260203020009,2026-02-04,京王閣,2,2-5-4,12820,4,2-5-7,1.1088,100,0,0,2600,,FALSE,TRUE,81.4
13,的中,2720260203020009,2026-02-04,京王閣,2,2-5-4,12820,5,2-6-5,1.6974,100,0,0,2600,,FALSE,TRUE,81.4
13,的中,2720260203020009,2026-02-04,京王閣,2,2-5-4,12820,6,2-5-3,0.2841,100,0,0,2600,,FALSE,TRUE,81.4
13,的中,2720260203020009,2026-02-04,京王閣,2,2-5-4,12820,7,2-1-5,0.2739,100,0,0,2600,,FALSE,TRUE,81.4
13,的中,2720260203020009,2026-02-04,京王閣,2,2-5-4,12820,8,2-3-5,0.0244,100,0,0,2600,,FALSE,TRUE,81.4
13,的中,2720260203020009,2026-02-04,京王閣,2,2-5-4,12820,9,2-1-4,0.0207,100,0,0,2600,,FALSE,TRUE,81.4
13,的中,2720260203020009,2026-02-04,京王閣,2,2-5-4,12820,10,2-6-1,0.0065,100,0,0,2600,,FALSE,TRUE,81.4
13,的中,2720260203020009,2026-02-04,京王閣,2,2-5-4,12820,11,2-1-6,0.0051,100,0,0,2600,,FALSE,TRUE,81.4
13,的中,2720260203020009,2026-02-04,京王閣,2,2-5-4,12820,12,2-6-3,0.0006,100,0,0,2600,,FALSE,TRUE,81.4
13,的中,2720260203020009,2026-02-04,京王閣,2,2-5-4,12820,13,2-3-6,0.0003,100,0,0,2600,,FALSE,TRUE,81.4
13,的中,2720260203020009,2026-02-04,京王閣,2,2-5-4,12820,14,2-1-7,0.0002,100,0,0,2600,,FALSE,TRUE,81.4
14,外れ,3120260204010006,2026-02-04,松戸,7,5-2-7,1330,1,7-2-4,3.8043,600,0,0,2600,-2600,FALSE,FALSE,73.2
14,外れ,3120260204010006,2026-02-04,松戸,7,5-2-7,1330,2,7-2-3,4.2503,800,0,0,2600,,FALSE,FALSE,73.2
14,外れ,3120260204010006,2026-02-04,松戸,7,5-2-7,1330,3,7-4-2,0.163,100,0,0,2600,,FALSE,FALSE,73.2
14,外れ,3120260204010006,2026-02-04,松戸,7,5-2-7,1330,4,7-2-5,0.1991,100,0,0,2600,,FALSE,FALSE,73.2
14,外れ,3120260204010006,2026-02-04,松戸,7,5-2-7,1330,5,7-4-6,0.1051,100,0,0,2600,,FALSE,FALSE,73.2
14,外れ,3120260204010006,2026-02-04,松戸,7,5-2-7,1330,6,7-2-1,0.067,100,0,0,2600,,FALSE,FALSE,73.2
14,外れ,3120260204010006,2026-02-04,松戸,7,5-2-7,1330,7,7-5-2,0.0135,100,0,0,2600,,FALSE,FALSE,73.2
14,外れ,3120260204010006,2026-02-04,松戸,7,5-2-7,1330,8,7-1-2,0.0055,100,0,0,2600,,FALSE,FALSE,73.2
14,外れ,3120260204010006,2026-02-04,松戸,7,5-2-7,1330,9,7-4-3,0.0027,100,0,0,2600,,FALSE,FALSE,73.2
14,外れ,3120260204010006,2026-02-04,松戸,7,5-2-7,1330,10,7-1-6,0.0026,100,0,0,2600,,FALSE,FALSE,73.2
14,外れ,3120260204010006,2026-02-04,松戸,7,5-2-7,1330,11,7-4-5,0.0001,100,0,0,2600,,FALSE,FALSE,73.2
14,外れ,3120260204010006,2026-02-04,松戸,7,5-2-7,1330,12,7-5-4,0.0001,100,0,0,2600,,FALSE,FALSE,73.2
14,外れ,3120260204010006,2026-02-04,松戸,7,5-2-7,1330,13,7-5-3,0.0003,100,0,0,2600,,FALSE,FALSE,73.2
14,外れ,3120260204010006,2026-02-04,松戸,7,5-2-7,1330,14,7-4-1,0,100,0,0,2600,,FALSE,FALSE,73.2
15,的中,3120260204010007,2026-02-04,松戸,2,2-4-3,1700,1,2-4-7,108.2403,1400,0,0,2700,-1000,FALSE,FALSE,72.5
15,的中,3120260204010007,2026-02-04,松戸,2,2-4-3,1700,2,2-4-3,1.8725,100,1,1700,2700,,FALSE,FALSE,72.5
15,的中,3120260204010007,2026-02-04,松戸,2,2-4-3,1700,3,2-4-5,1.5468,100,0,0,2700,,FALSE,FALSE,72.5
15,的中,3120260204010007,2026-02-04,松戸,2,2-4-3,1700,4,2-4-1,0.9681,100,0,0,2700,,FALSE,FALSE,72.5
15,的中,3120260204010007,2026-02-04,松戸,2,2-4-3,1700,5,2-3-4,0.0097,100,0,0,2700,,FALSE,FALSE,72.5
15,的中,3120260204010007,2026-02-04,松戸,2,2-4-3,1700,6,2-5-4,0.0046,100,0,0,2700,,FALSE,FALSE,72.5
15,的中,3120260204010007,2026-02-04,松戸,2,2-4-3,1700,7,2-4-6,0.01,100,0,0,2700,,FALSE,FALSE,72.5
15,的中,3120260204010007,2026-02-04,松戸,2,2-4-3,1700,8,2-3-7,0.0003,100,0,0,2700,,FALSE,FALSE,72.5
15,的中,3120260204010007,2026-02-04,松戸,2,2-4-3,1700,9,2-5-7,0,100,0,0,2700,,FALSE,FALSE,72.5
15,的中,3120260204010007,2026-02-04,松戸,2,2-4-3,1700,10,2-1-7,0,100,0,0,2700,,FALSE,FALSE,72.5
15,的中,3120260204010007,2026-02-04,松戸,2,2-4-3,1700,11,2-3-5,0,100,0,0,2700,,FALSE,FALSE,72.5
15,的中,3120260204010007,2026-02-04,松戸,2,2-4-3,1700,12,2-5-3,0,100,0,0,2700,,FALSE,FALSE,72.5
15,的中,3120260204010007,2026-02-04,松戸,2,2-4-3,1700,13,2-3-1,0,100,0,0,2700,,FALSE,FALSE,72.5
15,的中,3120260204010007,2026-02-04,松戸,2,2-4-3,1700,14,2-5-1,0,100,0,0,2700,,FALSE,FALSE,72.5
16,外れ,3120260204010008,2026-02-04,松戸,7,5-7-1,81830,1,7-4-2,9.8039,500,0,0,1000,-1000,FALSE,FALSE,75
16,外れ,3120260204010008,2026-02-04,松戸,7,5-7-1,81830,2,7-2-4,2.5283,100,0,0,1000,,FALSE,FALSE,75
16,外れ,3120260204010008,2026-02-04,松戸,7,5-7-1,81830,3,7-2-5,1.5709,100,0,0,1000,,FALSE,FALSE,75
16,外れ,3120260204010008,2026-02-04,松戸,7,5-7-1,81830,4,7-5-2,3.9601,100,0,0,1000,,FALSE,FALSE,75
16,外れ,3120260204010008,2026-02-04,松戸,7,5-7-1,81830,5,7-2-1,0.2136,100,0,0,1000,,FALSE,FALSE,75
16,外れ,3120260204010008,2026-02-04,松戸,7,5-7-1,81830,6,7-2-3,0.0006,100,0,0,1000,,FALSE,FALSE,75
17,外れ,3120260204010010,2026-02-04,松戸,7,5-2-3,470,1,7-3-2,92.1916,800,0,0,2200,-2200,FALSE,FALSE,72.2
17,外れ,3120260204010010,2026-02-04,松戸,7,5-2-3,470,2,7-2-3,62.5632,400,0,0,2200,,FALSE,FALSE,72.2
17,外れ,3120260204010010,2026-02-04,松戸,7,5-2-3,470,3,7-3-5,1.0928,100,0,0,2200,,FALSE,FALSE,72.2
17,外れ,3120260204010010,2026-02-04,松戸,7,5-2-3,470,4,7-2-5,0.4238,100,0,0,2200,,FALSE,FALSE,72.2
17,外れ,3120260204010010,2026-02-04,松戸,7,5-2-3,470,5,7-2-1,0.5343,100,0,0,2200,,FALSE,FALSE,72.2
17,外れ,3120260204010010,2026-02-04,松戸,7,5-2-3,470,6,7-5-3,0.2504,100,0,0,2200,,FALSE,FALSE,72.2
17,外れ,3120260204010010,2026-02-04,松戸,7,5-2-3,470,7,7-5-2,0.1687,100,0,0,2200,,FALSE,FALSE,72.2
17,外れ,3120260204010010,2026-02-04,松戸,7,5-2-3,470,8,7-1-3,0.4135,100,0,0,2200,,FALSE,FALSE,72.2
17,外れ,3120260204010010,2026-02-04,松戸,7,5-2-3,470,9,7-1-2,0.2214,100,0,0,2200,,FALSE,FALSE,72.2
17,外れ,3120260204010010,2026-02-04,松戸,7,5-2-3,470,10,7-5-1,0.005,100,0,0,2200,,FALSE,FALSE,72.2
17,外れ,3120260204010010,2026-02-04,松戸,7,5-2-3,470,11,7-1-5,0.0025,100,0,0,2200,,FALSE,FALSE,72.2
17,外れ,3120260204010010,2026-02-04,松戸,7,5-2-3,470,12,7-1-4,0,100,0,0,2200,,FALSE,FALSE,72.2
18,的中,3120260204010011,2026-02-04,松戸,3,3-2-7,6030,1,3-7-4,8.6589,1000,0,0,2600,3430,FALSE,TRUE,89.4
18,的中,3120260204010011,2026-02-04,松戸,3,3-2-7,6030,2,3-7-1,5.5902,400,0,0,2600,,FALSE,TRUE,89.4
18,的中,3120260204010011,2026-02-04,松戸,3,3-2-7,6030,3,3-7-5,1.0047,100,0,0,2600,,FALSE,TRUE,89.4
18,的中,3120260204010011,2026-02-04,松戸,3,3-2-7,6030,4,3-7-6,0.6582,100,0,0,2600,,FALSE,TRUE,89.4
18,的中,3120260204010011,2026-02-04,松戸,3,3-2-7,6030,5,3-7-2,0.0785,100,0,0,2600,,FALSE,TRUE,89.4
18,的中,3120260204010011,2026-02-04,松戸,3,3-2-7,6030,6,3-4-7,0.0013,100,0,0,2600,,FALSE,TRUE,89.4
18,的中,3120260204010011,2026-02-04,松戸,3,3-2-7,6030,7,3-1-7,0.0007,100,0,0,2600,,FALSE,TRUE,89.4
18,的中,3120260204010011,2026-02-04,松戸,3,3-2-7,6030,8,3-5-7,0.0001,100,0,0,2600,,FALSE,TRUE,89.4
18,的中,3120260204010011,2026-02-04,松戸,3,3-2-7,6030,9,3-2-7,0,100,1,6030,2600,,FALSE,TRUE,89.4
18,的中,3120260204010011,2026-02-04,松戸,3,3-2-7,6030,10,3-5-4,0,100,0,0,2600,,FALSE,TRUE,89.4
18,的中,3120260204010011,2026-02-04,松戸,3,3-2-7,6030,11,3-1-5,0,100,0,0,2600,,FALSE,TRUE,89.4
18,的中,3120260204010011,2026-02-04,松戸,3,3-2-7,6030,12,3-5-1,0,100,0,0,2600,,FALSE,TRUE,89.4
18,的中,3120260204010011,2026-02-04,松戸,3,3-2-7,6030,13,3-4-2,0,100,0,0,2600,,FALSE,TRUE,89.4
18,的中,3120260204010011,2026-02-04,松戸,3,3-2-7,6030,14,3-2-4,0,100,0,0,2600,,FALSE,TRUE,89.4
19,外れ,3120260204010012,2026-02-04,松戸,5,4-5-7,4690,1,5-3-7,0,700,0,0,2200,-2200,FALSE,TRUE,79.6
19,外れ,3120260204010012,2026-02-04,松戸,5,4-5-7,4690,2,5-2-3,0,200,0,0,2200,,FALSE,TRUE,79.6
19,外れ,3120260204010012,2026-02-04,松戸,5,4-5-7,4690,3,5-3-2,0,100,0,0,2200,,FALSE,TRUE,79.6
19,外れ,3120260204010012,2026-02-04,松戸,5,4-5-7,4690,4,5-7-4,0,200,0,0,2200,,FALSE,TRUE,79.6
19,外れ,3120260204010012,2026-02-04,松戸,5,4-5-7,4690,5,5-4-7,0,100,0,0,2200,,FALSE,TRUE,79.6
19,外れ,3120260204010012,2026-02-04,松戸,5,4-5-7,4690,6,5-4-2,0,100,0,0,2200,,FALSE,TRUE,79.6
19,外れ,3120260204010012,2026-02-04,松戸,5,4-5-7,4690,7,5-1-7,0,100,0,0,2200,,FALSE,TRUE,79.6
19,外れ,3120260204010012,2026-02-04,松戸,5,4-5-7,4690,8,5-2-1,0,100,0,0,2200,,FALSE,TRUE,79.6
19,外れ,3120260204010012,2026-02-04,松戸,5,4-5-7,4690,9,5-1-2,0,100,0,0,2200,,FALSE,TRUE,79.6
19,外れ,3120260204010012,2026-02-04,松戸,5,4-5-7,4690,10,5-3-4,0,100,0,0,2200,,FALSE,TRUE,79.6
19,外れ,3120260204010012,2026-02-04,松戸,5,4-5-7,4690,11,5-4-3,0,100,0,0,2200,,FALSE,TRUE,79.6
19,外れ,3120260204010012,2026-02-04,松戸,5,4-5-7,4690,12,5-3-1,0,100,0,0,2200,,FALSE,TRUE,79.6
19,外れ,3120260204010012,2026-02-04,松戸,5,4-5-7,4690,13,5-1-3,0,100,0,0,2200,,FALSE,TRUE,79.6
19,外れ,3120260204010012,2026-02-04,松戸,5,4-5-7,4690,14,5-4-1,0,100,0,0,2200,,FALSE,TRUE,79.6
20,的中,2720260203030005,2026-02-05,京王閣,1,1-5-4,1310,1,1-4-3,7.9865,1000,0,0,2500,-1190,FALSE,FALSE,74.6
20,的中,2720260203030005,2026-02-05,京王閣,1,1-5-4,1310,2,1-4-5,3.3302,300,0,0,2500,,FALSE,FALSE,74.6
20,的中,2720260203030005,2026-02-05,京王閣,1,1-5-4,1310,3,1-3-4,1.2819,100,0,0,2500,,FALSE,FALSE,74.6
20,的中,2720260203030005,2026-02-05,京王閣,1,1-5-4,1310,4,1-5-4,0.1803,100,1,1310,2500,,FALSE,FALSE,74.6
20,的中,2720260203030005,2026-02-05,京王閣,1,1-5-4,1310,5,1-6-5,0.4702,100,0,0,2500,,FALSE,FALSE,74.6
20,的中,2720260203030005,2026-02-05,京王閣,1,1-5-4,1310,6,1-5-6,0.1165,100,0,0,2500,,FALSE,FALSE,74.6
20,的中,2720260203030005,2026-02-05,京王閣,1,1-5-4,1310,7,1-7-3,0.1198,100,0,0,2500,,FALSE,FALSE,74.6
20,的中,2720260203030005,2026-02-05,京王閣,1,1-5-4,1310,8,1-7-5,0.0605,100,0,0,2500,,FALSE,FALSE,74.6
20,的中,2720260203030005,2026-02-05,京王閣,1,1-5-4,1310,9,1-3-7,0.0747,100,0,0,2500,,FALSE,FALSE,74.6
20,的中,2720260203030005,2026-02-05,京王閣,1,1-5-4,1310,10,1-5-7,0.0206,100,0,0,2500,,FALSE,FALSE,74.6
20,的中,2720260203030005,2026-02-05,京王閣,1,1-5-4,1310,11,1-2-5,0.0748,100,0,0,2500,,FALSE,FALSE,74.6
20,的中,2720260203030005,2026-02-05,京王閣,1,1-5-4,1310,12,1-5-2,0.0155,100,0,0,2500,,FALSE,FALSE,74.6
20,的中,2720260203030005,2026-02-05,京王閣,1,1-5-4,1310,13,1-3-5,0.0129,100,0,0,2500,,FALSE,FALSE,74.6
20,的中,2720260203030005,2026-02-05,京王閣,1,1-5-4,1310,14,1-5-3,0.0038,100,0,0,2500,,FALSE,FALSE,74.6
21,外れ,2720260203030007,2026-02-05,京王閣,5,4-2-1,8110,1,5-1-2,2.9313,200,0,0,2400,-2400,FALSE,FALSE,79.2
21,外れ,2720260203030007,2026-02-05,京王閣,5,4-2-1,8110,2,5-1-4,8.3538,900,0,0,2400,,FALSE,FALSE,79.2
21,外れ,2720260203030007,2026-02-05,京王閣,5,4-2-1,8110,3,5-2-1,1.0495,100,0,0,2400,,FALSE,FALSE,79.2
21,外れ,2720260203030007,2026-02-05,京王閣,5,4-2-1,8110,4,5-4-1,3.1613,200,0,0,2400,,FALSE,FALSE,79.2
21,外れ,2720260203030007,2026-02-05,京王閣,5,4-2-1,8110,5,5-1-7,1.8661,100,0,0,2400,,FALSE,FALSE,79.2
21,外れ,2720260203030007,2026-02-05,京王閣,5,4-2-1,8110,6,5-1-3,1.198,100,0,0,2400,,FALSE,FALSE,79.2
21,外れ,2720260203030007,2026-02-05,京王閣,5,4-2-1,8110,7,5-7-1,1.3966,100,0,0,2400,,FALSE,FALSE,79.2
21,外れ,2720260203030007,2026-02-05,京王閣,5,4-2-1,8110,8,5-2-4,0.066,100,0,0,2400,,FALSE,FALSE,79.2
21,外れ,2720260203030007,2026-02-05,京王閣,5,4-2-1,8110,9,5-4-2,0.1348,100,0,0,2400,,FALSE,FALSE,79.2
21,外れ,2720260203030007,2026-02-05,京王閣,5,4-2-1,8110,10,5-2-7,0.0147,100,0,0,2400,,FALSE,FALSE,79.2
21,外れ,2720260203030007,2026-02-05,京王閣,5,4-2-1,8110,11,5-4-7,0.0538,100,0,0,2400,,FALSE,FALSE,79.2
21,外れ,2720260203030007,2026-02-05,京王閣,5,4-2-1,8110,12,5-1-6,0.0837,100,0,0,2400,,FALSE,FALSE,79.2
21,外れ,2720260203030007,2026-02-05,京王閣,5,4-2-1,8110,13,5-7-2,0.0645,100,0,0,2400,,FALSE,FALSE,79.2
21,外れ,2720260203030007,2026-02-05,京王閣,5,4-2-1,8110,14,5-2-3,0.0268,100,0,0,2400,,FALSE,FALSE,79.2
22,外れ,2720260203030008,2026-02-05,京王閣,5,7-1-2,6670,1,5-7-2,0.0657,700,0,0,1900,-1900,FALSE,TRUE,75.4
22,外れ,2720260203030008,2026-02-05,京王閣,5,7-1-2,6670,2,5-2-7,0.0302,100,0,0,1900,,FALSE,TRUE,75.4
22,外れ,2720260203030008,2026-02-05,京王閣,5,7-1-2,6670,3,5-7-3,0.0368,200,0,0,1900,,FALSE,TRUE,75.4
22,外れ,2720260203030008,2026-02-05,京王閣,5,7-1-2,6670,4,5-2-3,0.0133,100,0,0,1900,,FALSE,TRUE,75.4
22,外れ,2720260203030008,2026-02-05,京王閣,5,7-1-2,6670,5,5-3-7,0.0208,100,0,0,1900,,FALSE,TRUE,75.4
22,外れ,2720260203030008,2026-02-05,京王閣,5,7-1-2,6670,6,5-3-2,0.0184,100,0,0,1900,,FALSE,TRUE,75.4
22,外れ,2720260203030008,2026-02-05,京王閣,5,7-1-2,6670,7,5-7-1,0.0011,100,0,0,1900,,FALSE,TRUE,75.4
22,外れ,2720260203030008,2026-02-05,京王閣,5,7-1-2,6670,8,5-2-1,0.0002,100,0,0,1900,,FALSE,TRUE,75.4
22,外れ,2720260203030008,2026-02-05,京王閣,5,7-1-2,6670,9,5-1-7,0.0004,100,0,0,1900,,FALSE,TRUE,75.4
22,外れ,2720260203030008,2026-02-05,京王閣,5,7-1-2,6670,10,5-1-2,0.0001,100,0,0,1900,,FALSE,TRUE,75.4
22,外れ,2720260203030008,2026-02-05,京王閣,5,7-1-2,6670,11,5-3-1,0.0003,100,0,0,1900,,FALSE,TRUE,75.4
22,外れ,2720260203030008,2026-02-05,京王閣,5,7-1-2,6670,12,5-1-3,0.0002,100,0,0,1900,,FALSE,TRUE,75.4
23,的中,3120260204020009,2026-02-05,松戸,7,7-6-4,20010,1,7-2-4,11.4648,1000,0,0,1900,18110,FALSE,TRUE,75.5
23,的中,3120260204020009,2026-02-05,松戸,7,7-6-4,20010,2,7-4-2,0.2033,100,0,0,1900,,FALSE,TRUE,75.5
23,的中,3120260204020009,2026-02-05,松戸,7,7-6-4,20010,3,7-2-3,0.5149,100,0,0,1900,,FALSE,TRUE,75.5
23,的中,3120260204020009,2026-02-05,松戸,7,7-6-4,20010,4,7-4-1,0.0008,100,0,0,1900,,FALSE,TRUE,75.5
23,的中,3120260204020009,2026-02-05,松戸,7,7-6-4,20010,5,7-4-3,0.0001,100,0,0,1900,,FALSE,TRUE,75.5
23,的中,3120260204020009,2026-02-05,松戸,7,7-6-4,20010,6,7-3-4,0.0003,100,0,0,1900,,FALSE,TRUE,75.5
23,的中,3120260204020009,2026-02-05,松戸,7,7-6-4,20010,7,7-4-5,0.0001,100,0,0,1900,,FALSE,TRUE,75.5
23,的中,3120260204020009,2026-02-05,松戸,7,7-6-4,20010,8,7-2-6,0.0002,100,0,0,1900,,FALSE,TRUE,75.5
23,的中,3120260204020009,2026-02-05,松戸,7,7-6-4,20010,9,7-4-6,0,100,0,0,1900,,FALSE,TRUE,75.5
23,的中,3120260204020009,2026-02-05,松戸,7,7-6-4,20010,10,7-6-4,0,100,1,20010,1900,,FALSE,TRUE,75.5
24,外れ,2820260209010006,2026-02-09,立川,7,5-1-4,4780,1,7-2-5,56.6179,1200,0,0,2600,-2600,FALSE,FALSE,73.1
24,外れ,2820260209010006,2026-02-09,立川,7,5-1-4,4780,2,7-5-2,16.0049,200,0,0,2600,,FALSE,FALSE,73.1
24,外れ,2820260209010006,2026-02-09,立川,7,5-1-4,4780,3,7-2-1,2.8774,100,0,0,2600,,FALSE,FALSE,73.1
24,外れ,2820260209010006,2026-02-09,立川,7,5-1-4,4780,4,7-1-2,0.2812,100,0,0,2600,,FALSE,FALSE,73.1
24,外れ,2820260209010006,2026-02-09,立川,7,5-1-4,4780,5,7-5-1,0.1777,100,0,0,2600,,FALSE,FALSE,73.1
24,外れ,2820260209010006,2026-02-09,立川,7,5-1-4,4780,6,7-1-5,0.0527,100,0,0,2600,,FALSE,FALSE,73.1
24,外れ,2820260209010006,2026-02-09,立川,7,5-1-4,4780,7,7-5-6,0.2587,100,0,0,2600,,FALSE,FALSE,73.1
24,外れ,2820260209010006,2026-02-09,立川,7,5-1-4,4780,8,7-5-4,0.1199,100,0,0,2600,,FALSE,FALSE,73.1
24,外れ,2820260209010006,2026-02-09,立川,7,5-1-4,4780,9,7-4-5,0.1643,100,0,0,2600,,FALSE,FALSE,73.1
24,外れ,2820260209010006,2026-02-09,立川,7,5-1-4,4780,10,7-1-6,0.0021,100,0,0,2600,,FALSE,FALSE,73.1
24,外れ,2820260209010006,2026-02-09,立川,7,5-1-4,4780,11,7-1-4,0.0003,100,0,0,2600,,FALSE,FALSE,73.1
24,外れ,2820260209010006,2026-02-09,立川,7,5-1-4,4780,12,7-4-1,0.0025,100,0,0,2600,,FALSE,FALSE,73.1
24,外れ,2820260209010006,2026-02-09,立川,7,5-1-4,4780,13,7-5-3,0.0016,100,0,0,2600,,FALSE,FALSE,73.1
24,外れ,2820260209010006,2026-02-09,立川,7,5-1-4,4780,14,7-1-3,0,100,0,0,2600,,FALSE,FALSE,73.1
25,的中,2820260209010009,2026-02-09,立川,2,2-5-7,940,1,2-3-7,85.4274,1400,0,0,2700,-1760,FALSE,FALSE,78.7
25,的中,2820260209010009,2026-02-09,立川,2,2-5-7,940,2,2-3-4,0.6097,100,0,0,2700,,FALSE,FALSE,78.7
25,的中,2820260209010009,2026-02-09,立川,2,2-5-7,940,3,2-3-5,0.2134,100,0,0,2700,,FALSE,FALSE,78.7
25,的中,2820260209010009,2026-02-09,立川,2,2-5-7,940,4,2-7-3,0.0089,100,0,0,2700,,FALSE,FALSE,78.7
25,的中,2820260209010009,2026-02-09,立川,2,2-5-7,940,5,2-4-3,0.0001,100,0,0,2700,,FALSE,FALSE,78.7
25,的中,2820260209010009,2026-02-09,立川,2,2-5-7,940,6,2-5-3,0,100,0,0,2700,,FALSE,FALSE,78.7
25,的中,2820260209010009,2026-02-09,立川,2,2-5-7,940,7,2-7-4,0,100,0,0,2700,,FALSE,FALSE,78.7
25,的中,2820260209010009,2026-02-09,立川,2,2-5-7,940,8,2-4-7,0,100,0,0,2700,,FALSE,FALSE,78.7
25,的中,2820260209010009,2026-02-09,立川,2,2-5-7,940,9,2-7-5,0,100,0,0,2700,,FALSE,FALSE,78.7
25,的中,2820260209010009,2026-02-09,立川,2,2-5-7,940,10,2-5-7,0,100,1,940,2700,,FALSE,FALSE,78.7
25,的中,2820260209010009,2026-02-09,立川,2,2-5-7,940,11,2-5-1,0,100,0,0,2700,,FALSE,FALSE,78.7
25,的中,2820260209010009,2026-02-09,立川,2,2-5-7,940,12,2-4-5,0,100,0,0,2700,,FALSE,FALSE,78.7
25,的中,2820260209010009,2026-02-09,立川,2,2-5-7,940,13,2-5-4,0,100,0,0,2700,,FALSE,FALSE,78.7
25,的中,2820260209010009,2026-02-09,立川,2,2-5-7,940,14,2-5-6,0,100,0,0,2700,,FALSE,FALSE,78.7
26,的中,2820260209010011,2026-02-09,立川,5,5-2-4,2830,1,5-2-6,17.4919,900,0,0,2600,230,FALSE,TRUE,89.8
26,的中,2820260209010011,2026-02-09,立川,5,5-2-4,2830,2,5-6-2,11.3422,500,0,0,2600,,FALSE,TRUE,89.8
26,的中,2820260209010011,2026-02-09,立川,5,5-2-4,2830,3,5-2-7,0.0016,100,0,0,2600,,FALSE,TRUE,89.8
26,的中,2820260209010011,2026-02-09,立川,5,5-2-4,2830,4,5-7-2,0.004,100,0,0,2600,,FALSE,TRUE,89.8
26,的中,2820260209010011,2026-02-09,立川,5,5-2-4,2830,5,5-2-3,0.0011,100,0,0,2600,,FALSE,TRUE,89.8
26,的中,2820260209010011,2026-02-09,立川,5,5-2-4,2830,6,5-6-7,0.0042,100,0,0,2600,,FALSE,TRUE,89.8
26,的中,2820260209010011,2026-02-09,立川,5,5-2-4,2830,7,5-7-6,0.0059,100,0,0,2600,,FALSE,TRUE,89.8
26,的中,2820260209010011,2026-02-09,立川,5,5-2-4,2830,8,5-2-1,0.0001,100,0,0,2600,,FALSE,TRUE,89.8
26,的中,2820260209010011,2026-02-09,立川,5,5-2-4,2830,9,5-2-4,0.0002,100,1,2830,2600,,FALSE,TRUE,89.8
26,的中,2820260209010011,2026-02-09,立川,5,5-2-4,2830,10,5-3-2,0.0008,100,0,0,2600,,FALSE,TRUE,89.8
26,的中,2820260209010011,2026-02-09,立川,5,5-2-4,2830,11,5-1-2,0,100,0,0,2600,,FALSE,TRUE,89.8
26,的中,2820260209010011,2026-02-09,立川,5,5-2-4,2830,12,5-4-2,0.0002,100,0,0,2600,,FALSE,TRUE,89.8
26,的中,2820260209010011,2026-02-09,立川,5,5-2-4,2830,13,5-6-3,0.0003,100,0,0,2600,,FALSE,TRUE,89.8
26,的中,2820260209010011,2026-02-09,立川,5,5-2-4,2830,14,5-3-6,0.0003,100,0,0,2600,,FALSE,TRUE,89.8
27,外れ,2820260209010012,2026-02-09,立川,3,7-5-4,3860,1,3-7-2,40.8048,400,0,0,1000,-1000,FALSE,TRUE,91.1
27,外れ,2820260209010012,2026-02-09,立川,3,7-5-4,3860,2,3-2-7,37.5809,200,0,0,1000,,FALSE,TRUE,91.1
27,外れ,2820260209010012,2026-02-09,立川,3,7-5-4,3860,3,3-7-5,0.3361,100,0,0,1000,,FALSE,TRUE,91.1
27,外れ,2820260209010012,2026-02-09,立川,3,7-5-4,3860,4,3-7-4,0.0343,100,0,0,1000,,FALSE,TRUE,91.1
27,外れ,2820260209010012,2026-02-09,立川,3,7-5-4,3860,5,3-4-7,0.0177,100,0,0,1000,,FALSE,TRUE,91.1
27,外れ,2820260209010012,2026-02-09,立川,3,7-5-4,3860,6,3-4-2,0.0076,100,0,0,1000,,FALSE,TRUE,91.1
28,外れ,3520260209010010,2026-02-09,平塚,2,5-1-2,9240,1,2-5-7,1.7964,900,0,0,1700,-1700,FALSE,FALSE,72.5
28,外れ,3520260209010010,2026-02-09,平塚,2,5-1-2,9240,2,2-5-3,0.0096,100,0,0,1700,,FALSE,FALSE,72.5
28,外れ,3520260209010010,2026-02-09,平塚,2,5-1-2,9240,3,2-3-5,0.0268,100,0,0,1700,,FALSE,FALSE,72.5
28,外れ,3520260209010010,2026-02-09,平塚,2,5-1-2,9240,4,2-5-4,0.0023,100,0,0,1700,,FALSE,FALSE,72.5
28,外れ,3520260209010010,2026-02-09,平塚,2,5-1-2,9240,5,2-4-5,0.0033,100,0,0,1700,,FALSE,FALSE,72.5
28,外れ,3520260209010010,2026-02-09,平塚,2,5-1-2,9240,6,2-5-1,0.0021,100,0,0,1700,,FALSE,FALSE,72.5
28,外れ,3520260209010010,2026-02-09,平塚,2,5-1-2,9240,7,2-4-3,0.0032,100,0,0,1700,,FALSE,FALSE,72.5
28,外れ,3520260209010010,2026-02-09,平塚,2,5-1-2,9240,8,2-4-1,0.0006,100,0,0,1700,,FALSE,FALSE,72.5
28,外れ,3520260209010010,2026-02-09,平塚,2,5-1-2,9240,9,2-5-6,0,100,0,0,1700,,FALSE,FALSE,72.5
29,的中,2820260209020006,2026-02-10,立川,4,4-1-2,5560,1,4-6-1,0.2888,1100,0,0,2100,3460,FALSE,TRUE,72.1
29,的中,2820260209020006,2026-02-10,立川,4,4-1-2,5560,2,4-1-6,0.0001,100,0,0,2100,,FALSE,TRUE,72.1
29,的中,2820260209020006,2026-02-10,立川,4,4-1-2,5560,3,4-2-1,0,100,0,0,2100,,FALSE,TRUE,72.1
29,的中,2820260209020006,2026-02-10,立川,4,4-1-2,5560,4,4-1-2,0,100,1,5560,2100,,FALSE,TRUE,72.1
29,的中,2820260209020006,2026-02-10,立川,4,4-1-2,5560,5,4-2-5,0,100,0,0,2100,,FALSE,TRUE,72.1
29,的中,2820260209020006,2026-02-10,立川,4,4-1-2,5560,6,4-5-2,0,100,0,0,2100,,FALSE,TRUE,72.1
29,的中,2820260209020006,2026-02-10,立川,4,4-1-2,5560,7,4-2-3,0,100,0,0,2100,,FALSE,TRUE,72.1
29,的中,2820260209020006,2026-02-10,立川,4,4-1-2,5560,8,4-1-5,0,100,0,0,2100,,FALSE,TRUE,72.1
29,的中,2820260209020006,2026-02-10,立川,4,4-1-2,5560,9,4-5-1,0,100,0,0,2100,,FALSE,TRUE,72.1
29,的中,2820260209020006,2026-02-10,立川,4,4-1-2,5560,10,4-1-3,0,100,0,0,2100,,FALSE,TRUE,72.1
29,的中,2820260209020006,2026-02-10,立川,4,4-1-2,5560,11,4-5-3,0,100,0,0,2100,,FALSE,TRUE,72.1
30,外れ,2820260209020007,2026-02-10,立川,5,2-6-3,6170,1,5-3-2,101.9686,200,0,0,300,-300,FALSE,FALSE,70
30,外れ,2820260209020007,2026-02-10,立川,5,2-6-3,6170,2,5-2-3,46.77,100,0,0,300,,FALSE,FALSE,70
31,外れ,7420260210010008,2026-02-10,高知,4,7-2-3,2300,1,4-2-7,9.4298,1200,0,0,2400,-2400,FALSE,TRUE,84.8
31,外れ,7420260210010008,2026-02-10,高知,4,7-2-3,2300,2,4-2-3,0.9844,100,0,0,2400,,FALSE,TRUE,84.8
31,外れ,7420260210010008,2026-02-10,高知,4,7-2-3,2300,3,4-7-2,0,100,0,0,2400,,FALSE,TRUE,84.8
31,外れ,7420260210010008,2026-02-10,高知,4,7-2-3,2300,4,4-3-2,0,100,0,0,2400,,FALSE,TRUE,84.8
31,外れ,7420260210010008,2026-02-10,高知,4,7-2-3,2300,5,4-1-7,0,100,0,0,2400,,FALSE,TRUE,84.8
31,外れ,7420260210010008,2026-02-10,高知,4,7-2-3,2300,6,4-7-1,0,100,0,0,2400,,FALSE,TRUE,84.8
31,外れ,7420260210010008,2026-02-10,高知,4,7-2-3,2300,7,4-7-3,0,100,0,0,2400,,FALSE,TRUE,84.8
31,外れ,7420260210010008,2026-02-10,高知,4,7-2-3,2300,8,4-3-7,0,100,0,0,2400,,FALSE,TRUE,84.8
31,外れ,7420260210010008,2026-02-10,高知,4,7-2-3,2300,9,4-7-5,0,100,0,0,2400,,FALSE,TRUE,84.8
31,外れ,7420260210010008,2026-02-10,高知,4,7-2-3,2300,10,4-1-6,0,100,0,0,2400,,FALSE,TRUE,84.8
31,外れ,7420260210010008,2026-02-10,高知,4,7-2-3,2300,11,4-7-6,0,100,0,0,2400,,FALSE,TRUE,84.8
31,外れ,7420260210010008,2026-02-10,高知,4,7-2-3,2300,12,4-6-7,0,100,0,0,2400,,FALSE,TRUE,84.8
31,外れ,7420260210010008,2026-02-10,高知,4,7-2-3,2300,13,4-3-5,0,100,0,0,2400,,FALSE,TRUE,84.8
32,外れ,7420260210010010,2026-02-10,高知,7,1-7-4,310,1,7-1-3,21.6035,1200,0,0,2400,-2400,FALSE,TRUE,84.4
32,外れ,7420260210010010,2026-02-10,高知,7,1-7-4,310,2,7-3-1,2.5717,100,0,0,2400,,FALSE,TRUE,84.4
32,外れ,7420260210010010,2026-02-10,高知,7,1-7-4,310,3,7-1-5,0.0098,100,0,0,2400,,FALSE,TRUE,84.4
32,外れ,7420260210010010,2026-02-10,高知,7,1-7-4,310,4,7-1-2,0.0001,100,0,0,2400,,FALSE,TRUE,84.4
32,外れ,7420260210010010,2026-02-10,高知,7,1-7-4,310,5,7-5-1,0.0007,100,0,0,2400,,FALSE,TRUE,84.4
32,外れ,7420260210010010,2026-02-10,高知,7,1-7-4,310,6,7-1-4,0,100,0,0,2400,,FALSE,TRUE,84.4
32,外れ,7420260210010010,2026-02-10,高知,7,1-7-4,310,7,7-2-1,0,100,0,0,2400,,FALSE,TRUE,84.4
32,外れ,7420260210010010,2026-02-10,高知,7,1-7-4,310,8,7-3-5,0,100,0,0,2400,,FALSE,TRUE,84.4
32,外れ,7420260210010010,2026-02-10,高知,7,1-7-4,310,9,7-5-3,0,100,0,0,2400,,FALSE,TRUE,84.4
32,外れ,7420260210010010,2026-02-10,高知,7,1-7-4,310,10,7-4-1,0,100,0,0,2400,,FALSE,TRUE,84.4
32,外れ,7420260210010010,2026-02-10,高知,7,1-7-4,310,11,7-1-6,0,100,0,0,2400,,FALSE,TRUE,84.4
32,外れ,7420260210010010,2026-02-10,高知,7,1-7-4,310,12,7-2-4,0,100,0,0,2400,,FALSE,TRUE,84.4
32,外れ,7420260210010010,2026-02-10,高知,7,1-7-4,310,13,7-4-2,0,100,0,0,2400,,FALSE,TRUE,84.4
33,外れ,2820260209030006,2026-02-11,立川,5,4-5-3,6160,1,5-4-3,37.0104,1200,0,0,2600,-2600,FALSE,FALSE,73.5
33,外れ,2820260209030006,2026-02-11,立川,5,4-5-3,6160,2,5-4-2,9.9059,200,0,0,2600,,FALSE,FALSE,73.5
33,外れ,2820260209030006,2026-02-11,立川,5,4-5-3,6160,3,5-4-1,1.2285,100,0,0,2600,,FALSE,FALSE,73.5
33,外れ,2820260209030006,2026-02-11,立川,5,4-5-3,6160,4,5-3-4,0.247,100,0,0,2600,,FALSE,FALSE,73.5
33,外れ,2820260209030006,2026-02-11,立川,5,4-5-3,6160,5,5-2-4,0.2465,100,0,0,2600,,FALSE,FALSE,73.5
33,外れ,2820260209030006,2026-02-11,立川,5,4-5-3,6160,6,5-1-4,0.0246,100,0,0,2600,,FALSE,FALSE,73.5
33,外れ,2820260209030006,2026-02-11,立川,5,4-5-3,6160,7,5-3-2,0.0006,100,0,0,2600,,FALSE,FALSE,73.5
33,外れ,2820260209030006,2026-02-11,立川,5,4-5-3,6160,8,5-2-3,0.0022,100,0,0,2600,,FALSE,FALSE,73.5
33,外れ,2820260209030006,2026-02-11,立川,5,4-5-3,6160,9,5-3-1,0,100,0,0,2600,,FALSE,FALSE,73.5
33,外れ,2820260209030006,2026-02-11,立川,5,4-5-3,6160,10,5-1-3,0.0002,100,0,0,2600,,FALSE,FALSE,73.5
33,外れ,2820260209030006,2026-02-11,立川,5,4-5-3,6160,11,5-2-1,0.0001,100,0,0,2600,,FALSE,FALSE,73.5
33,外れ,2820260209030006,2026-02-11,立川,5,4-5-3,6160,12,5-1-2,0.0001,100,0,0,2600,,FALSE,FALSE,73.5
33,外れ,2820260209030006,2026-02-11,立川,5,4-5-3,6160,13,5-3-6,0,100,0,0,2600,,FALSE,FALSE,73.5
33,外れ,2820260209030006,2026-02-11,立川,5,4-5-3,6160,14,5-6-3,0,100,0,0,2600,,FALSE,FALSE,73.5
34,外れ,2820260209030007,2026-02-11,立川,2,4-1-7,8950,1,2-3-5,18.2984,1400,0,0,2700,-2700,FALSE,FALSE,79.8
34,外れ,2820260209030007,2026-02-11,立川,2,4-1-7,8950,2,2-5-3,1.4497,100,0,0,2700,,FALSE,FALSE,79.8
34,外れ,2820260209030007,2026-02-11,立川,2,4-1-7,8950,3,2-3-6,0.6734,100,0,0,2700,,FALSE,FALSE,79.8
34,外れ,2820260209030007,2026-02-11,立川,2,4-1-7,8950,4,2-3-1,0.3778,100,0,0,2700,,FALSE,FALSE,79.8
34,外れ,2820260209030007,2026-02-11,立川,2,4-1-7,8950,5,2-3-7,0.9354,100,0,0,2700,,FALSE,FALSE,79.8
34,外れ,2820260209030007,2026-02-11,立川,2,4-1-7,8950,6,2-6-3,0.1485,100,0,0,2700,,FALSE,FALSE,79.8
34,外れ,2820260209030007,2026-02-11,立川,2,4-1-7,8950,7,2-1-3,0.0513,100,0,0,2700,,FALSE,FALSE,79.8
34,外れ,2820260209030007,2026-02-11,立川,2,4-1-7,8950,8,2-5-6,0.0181,100,0,0,2700,,FALSE,FALSE,79.8
34,外れ,2820260209030007,2026-02-11,立川,2,4-1-7,8950,9,2-6-5,0.0324,100,0,0,2700,,FALSE,FALSE,79.8
34,外れ,2820260209030007,2026-02-11,立川,2,4-1-7,8950,10,2-5-1,0.0033,100,0,0,2700,,FALSE,FALSE,79.8
34,外れ,2820260209030007,2026-02-11,立川,2,4-1-7,8950,11,2-1-5,0.0063,100,0,0,2700,,FALSE,FALSE,79.8
34,外れ,2820260209030007,2026-02-11,立川,2,4-1-7,8950,12,2-5-7,0.0119,100,0,0,2700,,FALSE,FALSE,79.8
34,外れ,2820260209030007,2026-02-11,立川,2,4-1-7,8950,13,2-3-4,0.0126,100,0,0,2700,,FALSE,FALSE,79.8
34,外れ,2820260209030007,2026-02-11,立川,2,4-1-7,8950,14,2-6-1,0.0007,100,0,0,2700,,FALSE,FALSE,79.8
35,外れ,3520260209030006,2026-02-11,平塚,4,5-2-3,9560,1,4-5-2,0.0586,500,0,0,1300,-1300,FALSE,TRUE,73
35,外れ,3520260209030006,2026-02-11,平塚,4,5-2-3,9560,2,4-2-5,0.0259,200,0,0,1300,,FALSE,TRUE,73
35,外れ,3520260209030006,2026-02-11,平塚,4,5-2-3,9560,3,4-2-7,0.0155,100,0,0,1300,,FALSE,TRUE,73
35,外れ,3520260209030006,2026-02-11,平塚,4,5-2-3,9560,4,4-5-1,0.0006,100,0,0,1300,,FALSE,TRUE,73
35,外れ,3520260209030006,2026-02-11,平塚,4,5-2-3,9560,5,4-2-3,0.001,100,0,0,1300,,FALSE,TRUE,73
35,外れ,3520260209030006,2026-02-11,平塚,4,5-2-3,9560,6,4-1-5,0.0002,100,0,0,1300,,FALSE,TRUE,73
35,外れ,3520260209030006,2026-02-11,平塚,4,5-2-3,9560,7,4-2-1,0,100,0,0,1300,,FALSE,TRUE,73
35,外れ,3520260209030006,2026-02-11,平塚,4,5-2-3,9560,8,4-1-2,0,100,0,0,1300,,FALSE,TRUE,73
36,外れ,7420260210020009,2026-02-11,高知,3,2-6-3,18410,1,3-2-7,20.3973,1100,0,0,2500,-2500,FALSE,TRUE,75.8
36,外れ,7420260210020009,2026-02-11,高知,3,2-6-3,18410,2,3-2-1,1.9592,100,0,0,2500,,FALSE,TRUE,75.8
36,外れ,7420260210020009,2026-02-11,高知,3,2-6-3,18410,3,3-2-4,4.1123,200,0,0,2500,,FALSE,TRUE,75.8
36,外れ,7420260210020009,2026-02-11,高知,3,2-6-3,18410,4,3-2-6,0.4801,100,0,0,2500,,FALSE,TRUE,75.8
36,外れ,7420260210020009,2026-02-11,高知,3,2-6-3,18410,5,3-2-5,0.1892,100,0,0,2500,,FALSE,TRUE,75.8
36,外れ,7420260210020009,2026-02-11,高知,3,2-6-3,18410,6,3-7-2,0.083,100,0,0,2500,,FALSE,TRUE,75.8
36,外れ,7420260210020009,2026-02-11,高知,3,2-6-3,18410,7,3-1-2,0.0292,100,0,0,2500,,FALSE,TRUE,75.8
36,外れ,7420260210020009,2026-02-11,高知,3,2-6-3,18410,8,3-4-2,0.0921,100,0,0,2500,,FALSE,TRUE,75.8
36,外れ,7420260210020009,2026-02-11,高知,3,2-6-3,18410,9,3-6-2,0.0046,100,0,0,2500,,FALSE,TRUE,75.8
36,外れ,7420260210020009,2026-02-11,高知,3,2-6-3,18410,10,3-5-2,0.0075,100,0,0,2500,,FALSE,TRUE,75.8
36,外れ,7420260210020009,2026-02-11,高知,3,2-6-3,18410,11,3-7-1,0.0001,100,0,0,2500,,FALSE,TRUE,75.8
36,外れ,7420260210020009,2026-02-11,高知,3,2-6-3,18410,12,3-1-7,0.0002,100,0,0,2500,,FALSE,TRUE,75.8
36,外れ,7420260210020009,2026-02-11,高知,3,2-6-3,18410,13,3-7-4,0.0001,100,0,0,2500,,FALSE,TRUE,75.8
36,外れ,7420260210020009,2026-02-11,高知,3,2-6-3,18410,14,3-4-7,0.0007,100,0,0,2500,,FALSE,TRUE,75.8
37,外れ,8620260212010006,2026-02-12,別府,7,4-2-5,4210,1,7-3-1,48.1709,1100,0,0,2200,-2200,FALSE,FALSE,75.4
37,外れ,8620260212010006,2026-02-12,別府,7,4-2-5,4210,2,7-1-3,5.0571,100,0,0,2200,,FALSE,FALSE,75.4
37,外れ,8620260212010006,2026-02-12,別府,7,4-2-5,4210,3,7-1-2,0.0058,100,0,0,2200,,FALSE,FALSE,75.4
37,外れ,8620260212010006,2026-02-12,別府,7,4-2-5,4210,4,7-1-6,0.0077,100,0,0,2200,,FALSE,FALSE,75.4
37,外れ,8620260212010006,2026-02-12,別府,7,4-2-5,4210,5,7-1-5,0.0029,100,0,0,2200,,FALSE,FALSE,75.4
37,外れ,8620260212010006,2026-02-12,別府,7,4-2-5,4210,6,7-3-4,0.0057,100,0,0,2200,,FALSE,FALSE,75.4
37,外れ,8620260212010006,2026-02-12,別府,7,4-2-5,4210,7,7-4-3,0.0008,100,0,0,2200,,FALSE,FALSE,75.4
37,外れ,8620260212010006,2026-02-12,別府,7,4-2-5,4210,8,7-1-4,0,100,0,0,2200,,FALSE,FALSE,75.4
37,外れ,8620260212010006,2026-02-12,別府,7,4-2-5,4210,9,7-4-1,0.0001,100,0,0,2200,,FALSE,FALSE,75.4
37,外れ,8620260212010006,2026-02-12,別府,7,4-2-5,4210,10,7-2-4,0,100,0,0,2200,,FALSE,FALSE,75.4
37,外れ,8620260212010006,2026-02-12,別府,7,4-2-5,4210,11,7-4-2,0,100,0,0,2200,,FALSE,FALSE,75.4
37,外れ,8620260212010006,2026-02-12,別府,7,4-2-5,4210,12,7-4-5,0,100,0,0,2200,,FALSE,FALSE,75.4
38,外れ,8620260212010007,2026-02-12,別府,7,1-4-5,1480,1,7-4-2,14.3203,900,0,0,1800,-1800,FALSE,FALSE,75.8
38,外れ,8620260212010007,2026-02-12,別府,7,1-4-5,1480,2,7-2-4,2.5928,100,0,0,1800,,FALSE,FALSE,75.8
38,外れ,8620260212010007,2026-02-12,別府,7,1-4-5,1480,3,7-2-3,1.9272,100,0,0,1800,,FALSE,FALSE,75.8
38,外れ,8620260212010007,2026-02-12,別府,7,1-4-5,1480,4,7-2-5,1.1691,100,0,0,1800,,FALSE,FALSE,75.8
38,外れ,8620260212010007,2026-02-12,別府,7,1-4-5,1480,5,7-4-1,1.1329,100,0,0,1800,,FALSE,FALSE,75.8
38,外れ,8620260212010007,2026-02-12,別府,7,1-4-5,1480,6,7-1-4,0.6122,100,0,0,1800,,FALSE,FALSE,75.8
38,外れ,8620260212010007,2026-02-12,別府,7,1-4-5,1480,7,7-2-1,0.0493,100,0,0,1800,,FALSE,FALSE,75.8
38,外れ,8620260212010007,2026-02-12,別府,7,1-4-5,1480,8,7-1-2,0.1887,100,0,0,1800,,FALSE,FALSE,75.8
38,外れ,8620260212010007,2026-02-12,別府,7,1-4-5,1480,9,7-1-5,0.2071,100,0,0,1800,,FALSE,FALSE,75.8
38,外れ,8620260212010007,2026-02-12,別府,7,1-4-5,1480,10,7-2-6,0.0006,100,0,0,1800,,FALSE,FALSE,75.8
39,外れ,8620260212010009,2026-02-12,別府,4,7-2-1,3510,1,4-2-1,6.2432,200,0,0,2100,-2100,FALSE,TRUE,84.9
39,外れ,8620260212010009,2026-02-12,別府,4,7-2-1,3510,2,4-2-5,10.4956,600,0,0,2100,,FALSE,TRUE,84.9
39,外れ,8620260212010009,2026-02-12,別府,4,7-2-1,3510,3,4-2-3,10.3105,400,0,0,2100,,FALSE,TRUE,84.9
39,外れ,8620260212010009,2026-02-12,別府,4,7-2-1,3510,4,4-2-6,0.087,100,0,0,2100,,FALSE,TRUE,84.9
39,外れ,8620260212010009,2026-02-12,別府,4,7-2-1,3510,5,4-2-7,0.0023,100,0,0,2100,,FALSE,TRUE,84.9
39,外れ,8620260212010009,2026-02-12,別府,4,7-2-1,3510,6,4-1-2,0.0011,100,0,0,2100,,FALSE,TRUE,84.9
39,外れ,8620260212010009,2026-02-12,別府,4,7-2-1,3510,7,4-5-2,0.0029,100,0,0,2100,,FALSE,TRUE,84.9
39,外れ,8620260212010009,2026-02-12,別府,4,7-2-1,3510,8,4-7-2,0,100,0,0,2100,,FALSE,TRUE,84.9
39,外れ,8620260212010009,2026-02-12,別府,4,7-2-1,3510,9,4-1-5,0,100,0,0,2100,,FALSE,TRUE,84.9
39,外れ,8620260212010009,2026-02-12,別府,4,7-2-1,3510,10,4-1-7,0,100,0,0,2100,,FALSE,TRUE,84.9
39,外れ,8620260212010009,2026-02-12,別府,4,7-2-1,3510,11,4-7-1,0,100,0,0,2100,,FALSE,TRUE,84.9
39,外れ,8620260212010009,2026-02-12,別府,4,7-2-1,3510,12,4-7-5,0,100,0,0,2100,,FALSE,TRUE,84.9
40,外れ,8620260212010011,2026-02-12,別府,4,1-2-6,19300,1,4-2-7,88.5987,1100,0,0,2300,-2300,FALSE,TRUE,81.5
40,外れ,8620260212010011,2026-02-12,別府,4,1-2-6,19300,2,4-2-1,19.4995,100,0,0,2300,,FALSE,TRUE,81.5
40,外れ,8620260212010011,2026-02-12,別府,4,1-2-6,19300,3,4-7-2,17.0796,100,0,0,2300,,FALSE,TRUE,81.5
40,外れ,8620260212010011,2026-02-12,別府,4,1-2-6,19300,4,4-1-2,0.751,100,0,0,2300,,FALSE,TRUE,81.5
40,外れ,8620260212010011,2026-02-12,別府,4,1-2-6,19300,5,4-7-1,0.7156,100,0,0,2300,,FALSE,TRUE,81.5
40,外れ,8620260212010011,2026-02-12,別府,4,1-2-6,19300,6,4-1-7,0.1607,100,0,0,2300,,FALSE,TRUE,81.5
40,外れ,8620260212010011,2026-02-12,別府,4,1-2-6,19300,7,4-1-3,0.0298,100,0,0,2300,,FALSE,TRUE,81.5
40,外れ,8620260212010011,2026-02-12,別府,4,1-2-6,19300,8,4-3-1,0.139,100,0,0,2300,,FALSE,TRUE,81.5
40,外れ,8620260212010011,2026-02-12,別府,4,1-2-6,19300,9,4-1-6,0,100,0,0,2300,,FALSE,TRUE,81.5
40,外れ,8620260212010011,2026-02-12,別府,4,1-2-6,19300,10,4-1-5,0,100,0,0,2300,,FALSE,TRUE,81.5
40,外れ,8620260212010011,2026-02-12,別府,4,1-2-6,19300,11,4-5-1,0,100,0,0,2300,,FALSE,TRUE,81.5
40,外れ,8620260212010011,2026-02-12,別府,4,1-2-6,19300,12,4-3-5,0,100,0,0,2300,,FALSE,TRUE,81.5
40,外れ,8620260212010011,2026-02-12,別府,4,1-2-6,19300,13,4-5-3,0,100,0,0,2300,,FALSE,TRUE,81.5
41,外れ,8620260212010012,2026-02-12,別府,2,1-5-4,19240,1,2-3-4,0.1995,100,0,0,100,-100,FALSE,TRUE,84.2
42,外れ,8620260212020006,2026-02-13,別府,1,4-2-5,13210,1,1-5-4,5.3527,700,0,0,2200,-2200,FALSE,FALSE,70.4
42,外れ,8620260212020006,2026-02-13,別府,1,4-2-5,13210,2,1-4-5,4.5876,300,0,0,2200,,FALSE,FALSE,70.4
42,外れ,8620260212020006,2026-02-13,別府,1,4-2-5,13210,3,1-5-3,2.0119,100,0,0,2200,,FALSE,FALSE,70.4
42,外れ,8620260212020006,2026-02-13,別府,1,4-2-5,13210,4,1-3-5,1.3523,100,0,0,2200,,FALSE,FALSE,70.4
42,外れ,8620260212020006,2026-02-13,別府,1,4-2-5,13210,5,1-4-3,1.3276,100,0,0,2200,,FALSE,FALSE,70.4
42,外れ,8620260212020006,2026-02-13,別府,1,4-2-5,13210,6,1-3-4,1.2791,100,0,0,2200,,FALSE,FALSE,70.4
42,外れ,8620260212020006,2026-02-13,別府,1,4-2-5,13210,7,1-5-2,0.5192,100,0,0,2200,,FALSE,FALSE,70.4
42,外れ,8620260212020006,2026-02-13,別府,1,4-2-5,13210,8,1-2-5,0.2962,100,0,0,2200,,FALSE,FALSE,70.4
42,外れ,8620260212020006,2026-02-13,別府,1,4-2-5,13210,9,1-4-2,0.0899,100,0,0,2200,,FALSE,FALSE,70.4
42,外れ,8620260212020006,2026-02-13,別府,1,4-2-5,13210,10,1-2-4,0.0707,100,0,0,2200,,FALSE,FALSE,70.4
42,外れ,8620260212020006,2026-02-13,別府,1,4-2-5,13210,11,1-3-2,0.07,100,0,0,2200,,FALSE,FALSE,70.4
42,外れ,8620260212020006,2026-02-13,別府,1,4-2-5,13210,12,1-2-3,0.0647,100,0,0,2200,,FALSE,FALSE,70.4
42,外れ,8620260212020006,2026-02-13,別府,1,4-2-5,13210,13,1-5-6,0.0087,100,0,0,2200,,FALSE,FALSE,70.4
42,外れ,8620260212020006,2026-02-13,別府,1,4-2-5,13210,14,1-6-5,0.0028,100,0,0,2200,,FALSE,FALSE,70.4
43,的中,8620260212020007,2026-02-13,別府,6,6-1-4,10940,1,6-1-4,57.0545,800,1,87520,1600,85920,FALSE,TRUE,75.5
43,的中,8620260212020007,2026-02-13,別府,6,6-1-4,10940,2,6-4-1,10.908,100,0,0,1600,,FALSE,TRUE,75.5
43,的中,8620260212020007,2026-02-13,別府,6,6-1-4,10940,3,6-1-2,3.1455,100,0,0,1600,,FALSE,TRUE,75.5
43,的中,8620260212020007,2026-02-13,別府,6,6-1-4,10940,4,6-2-1,0.2531,100,0,0,1600,,FALSE,TRUE,75.5
43,的中,8620260212020007,2026-02-13,別府,6,6-1-4,10940,5,6-2-4,0.0992,100,0,0,1600,,FALSE,TRUE,75.5
43,的中,8620260212020007,2026-02-13,別府,6,6-1-4,10940,6,6-1-7,0.1038,100,0,0,1600,,FALSE,TRUE,75.5
43,的中,8620260212020007,2026-02-13,別府,6,6-1-4,10940,7,6-2-7,0.0002,100,0,0,1600,,FALSE,TRUE,75.5
43,的中,8620260212020007,2026-02-13,別府,6,6-1-4,10940,8,6-2-3,0.0001,100,0,0,1600,,FALSE,TRUE,75.5
43,的中,8620260212020007,2026-02-13,別府,6,6-1-4,10940,9,6-3-2,0.0002,100,0,0,1600,,FALSE,TRUE,75.5
44,的中,2420260214010006,2026-02-14,宇都宮,3,3-5-7,11690,1,3-2-5,45.2303,700,0,0,1800,9890,FALSE,FALSE,79.2
44,的中,2420260214010006,2026-02-14,宇都宮,3,3-5-7,11690,2,3-5-2,23.3973,300,0,0,1800,,FALSE,FALSE,79.2
44,的中,2420260214010006,2026-02-14,宇都宮,3,3-5-7,11690,3,3-5-4,1.6267,100,0,0,1800,,FALSE,FALSE,79.2
44,的中,2420260214010006,2026-02-14,宇都宮,3,3-5-7,11690,4,3-4-5,1.2394,100,0,0,1800,,FALSE,FALSE,79.2
44,的中,2420260214010006,2026-02-14,宇都宮,3,3-5-7,11690,5,3-5-7,0.0948,100,1,11690,1800,,FALSE,FALSE,79.2
44,的中,2420260214010006,2026-02-14,宇都宮,3,3-5-7,11690,6,3-7-5,0.0588,100,0,0,1800,,FALSE,FALSE,79.2
44,的中,2420260214010006,2026-02-14,宇都宮,3,3-5-7,11690,7,3-4-1,0.0165,100,0,0,1800,,FALSE,FALSE,79.2
44,的中,2420260214010006,2026-02-14,宇都宮,3,3-5-7,11690,8,3-4-7,0.0131,100,0,0,1800,,FALSE,FALSE,79.2
44,的中,2420260214010006,2026-02-14,宇都宮,3,3-5-7,11690,9,3-7-4,0.0113,100,0,0,1800,,FALSE,FALSE,79.2
44,的中,2420260214010006,2026-02-14,宇都宮,3,3-5-7,11690,10,3-4-6,0,100,0,0,1800,,FALSE,FALSE,79.2
45,的中,2420260214010008,2026-02-14,宇都宮,1,1-7-4,13250,1,1-7-4,75.4253,700,1,92750,1400,91350,FALSE,TRUE,79.4
45,的中,2420260214010008,2026-02-14,宇都宮,1,1-7-4,13250,2,1-4-7,12.0724,100,0,0,1400,,FALSE,TRUE,79.4
45,的中,2420260214010008,2026-02-14,宇都宮,1,1-7-4,13250,3,1-4-5,0.1685,100,0,0,1400,,FALSE,TRUE,79.4
45,的中,2420260214010008,2026-02-14,宇都宮,1,1-7-4,13250,4,1-5-4,0.4258,100,0,0,1400,,FALSE,TRUE,79.4
45,的中,2420260214010008,2026-02-14,宇都宮,1,1-7-4,13250,5,1-4-3,0.1209,100,0,0,1400,,FALSE,TRUE,79.4
45,的中,2420260214010008,2026-02-14,宇都宮,1,1-7-4,13250,6,1-3-4,0.2512,100,0,0,1400,,FALSE,TRUE,79.4
45,的中,2420260214010008,2026-02-14,宇都宮,1,1-7-4,13250,7,1-4-6,0.1397,100,0,0,1400,,FALSE,TRUE,79.4
45,的中,2420260214010008,2026-02-14,宇都宮,1,1-7-4,13250,8,1-4-2,0.0024,100,0,0,1400,,FALSE,TRUE,79.4
46,外れ,2420260214010009,2026-02-14,宇都宮,7,2-4-7,5340,1,7-2-3,4.2868,1100,0,0,2100,-2100,FALSE,TRUE,82.4
46,外れ,2420260214010009,2026-02-14,宇都宮,7,2-4-7,5340,2,7-2-1,0.0838,100,0,0,2100,,FALSE,TRUE,82.4
46,外れ,2420260214010009,2026-02-14,宇都宮,7,2-4-7,5340,3,7-3-4,0.0258,100,0,0,2100,,FALSE,TRUE,82.4
46,外れ,2420260214010009,2026-02-14,宇都宮,7,2-4-7,5340,4,7-2-5,0.0011,100,0,0,2100,,FALSE,TRUE,82.4
46,外れ,2420260214010009,2026-02-14,宇都宮,7,2-4-7,5340,5,7-5-2,0.0048,100,0,0,2100,,FALSE,TRUE,82.4
46,外れ,2420260214010009,2026-02-14,宇都宮,7,2-4-7,5340,6,7-4-3,0.0014,100,0,0,2100,,FALSE,TRUE,82.4
46,外れ,2420260214010009,2026-02-14,宇都宮,7,2-4-7,5340,7,7-2-4,0.0001,100,0,0,2100,,FALSE,TRUE,82.4
46,外れ,2420260214010009,2026-02-14,宇都宮,7,2-4-7,5340,8,7-4-2,0.0001,100,0,0,2100,,FALSE,TRUE,82.4
46,外れ,2420260214010009,2026-02-14,宇都宮,7,2-4-7,5340,9,7-1-4,0,100,0,0,2100,,FALSE,TRUE,82.4
46,外れ,2420260214010009,2026-02-14,宇都宮,7,2-4-7,5340,10,7-4-1,0,100,0,0,2100,,FALSE,TRUE,82.4
46,外れ,2420260214010009,2026-02-14,宇都宮,7,2-4-7,5340,11,7-4-5,0,100,0,0,2100,,FALSE,TRUE,82.4
47,外れ,2420260214010010,2026-02-14,宇都宮,3,4-6-3,40210,1,3-7-2,0.0005,800,0,0,1500,-1500,FALSE,TRUE,77.2
47,外れ,2420260214010010,2026-02-14,宇都宮,3,4-6-3,40210,2,3-4-1,0,100,0,0,1500,,FALSE,TRUE,77.2
47,外れ,2420260214010010,2026-02-14,宇都宮,3,4-6-3,40210,3,3-1-4,0,100,0,0,1500,,FALSE,TRUE,77.2
47,外れ,2420260214010010,2026-02-14,宇都宮,3,4-6-3,40210,4,3-4-7,0,100,0,0,1500,,FALSE,TRUE,77.2
47,外れ,2420260214010010,2026-02-14,宇都宮,3,4-6-3,40210,5,3-7-4,0,100,0,0,1500,,FALSE,TRUE,77.2
47,外れ,2420260214010010,2026-02-14,宇都宮,3,4-6-3,40210,6,3-4-5,0,100,0,0,1500,,FALSE,TRUE,77.2
47,外れ,2420260214010010,2026-02-14,宇都宮,3,4-6-3,40210,7,3-7-1,0,100,0,0,1500,,FALSE,TRUE,77.2
47,外れ,2420260214010010,2026-02-14,宇都宮,3,4-6-3,40210,8,3-7-5,0,100,0,0,1500,,FALSE,TRUE,77.2
48,的中,8620260212030005,2026-02-14,別府,5,5-1-6,3580,1,5-2-1,47.4687,1100,0,0,2100,1480,FALSE,TRUE,77.3
48,的中,8620260212030005,2026-02-14,別府,5,5-1-6,3580,2,5-1-2,1.8149,100,0,0,2100,,FALSE,TRUE,77.3
48,的中,8620260212030005,2026-02-14,別府,5,5-1-6,3580,3,5-2-6,4.4864,100,0,0,2100,,FALSE,TRUE,77.3
48,的中,8620260212030005,2026-02-14,別府,5,5-1-6,3580,4,5-6-2,0.9974,100,0,0,2100,,FALSE,TRUE,77.3
48,的中,8620260212030005,2026-02-14,別府,5,5-1-6,3580,5,5-1-6,0.0565,100,1,3580,2100,,FALSE,TRUE,77.3
48,的中,8620260212030005,2026-02-14,別府,5,5-1-6,3580,6,5-1-4,0.0259,100,0,0,2100,,FALSE,TRUE,77.3
48,的中,8620260212030005,2026-02-14,別府,5,5-1-6,3580,7,5-2-3,0.0247,100,0,0,2100,,FALSE,TRUE,77.3
48,的中,8620260212030005,2026-02-14,別府,5,5-1-6,3580,8,5-3-2,0.0049,100,0,0,2100,,FALSE,TRUE,77.3
48,的中,8620260212030005,2026-02-14,別府,5,5-1-6,3580,9,5-1-3,0.0001,100,0,0,2100,,FALSE,TRUE,77.3
48,的中,8620260212030005,2026-02-14,別府,5,5-1-6,3580,10,5-3-1,0.0006,100,0,0,2100,,FALSE,TRUE,77.3
48,的中,8620260212030005,2026-02-14,別府,5,5-1-6,3580,11,5-3-4,0,100,0,0,2100,,FALSE,TRUE,77.3
49,外れ,8620260212030006,2026-02-14,別府,7,5-2-7,8750,1,7-3-5,0.0004,100,0,0,100,-100,FALSE,TRUE,75.6
50,的中,2420260214020006,2026-02-15,宇都宮,1,1-7-4,3610,1,1-7-2,0.0103,400,0,0,700,2910,FALSE,TRUE,76.7
50,的中,2420260214020006,2026-02-15,宇都宮,1,1-7-4,3610,2,1-7-3,0.0009,100,0,0,700,,FALSE,TRUE,76.7
50,的中,2420260214020006,2026-02-15,宇都宮,1,1-7-4,3610,3,1-7-4,0,100,1,3610,700,,FALSE,TRUE,76.7
50,的中,2420260214020006,2026-02-15,宇都宮,1,1-7-4,3610,4,1-4-7,0,100,0,0,700,,FALSE,TRUE,76.7
51,外れ,2420260214030006,2026-02-16,宇都宮,3,5-2-1,41110,1,3-1-6,17.8062,300,0,0,2600,-2600,FALSE,TRUE,82.7
51,外れ,2420260214030006,2026-02-16,宇都宮,3,5-2-1,41110,2,3-6-1,48.6664,1100,0,0,2600,,FALSE,TRUE,82.7
51,外れ,2420260214030006,2026-02-16,宇都宮,3,5-2-1,41110,3,3-1-2,5.2821,100,0,0,2600,,FALSE,TRUE,82.7
51,外れ,2420260214030006,2026-02-16,宇都宮,3,5-2-1,41110,4,3-2-1,3.4184,100,0,0,2600,,FALSE,TRUE,82.7
51,外れ,2420260214030006,2026-02-16,宇都宮,3,5-2-1,41110,5,3-1-5,0.0566,100,0,0,2600,,FALSE,TRUE,82.7
51,外れ,2420260214030006,2026-02-16,宇都宮,3,5-2-1,41110,6,3-1-4,0.5073,100,0,0,2600,,FALSE,TRUE,82.7
51,外れ,2420260214030006,2026-02-16,宇都宮,3,5-2-1,41110,7,3-1-7,0.2026,100,0,0,2600,,FALSE,TRUE,82.7
51,外れ,2420260214030006,2026-02-16,宇都宮,3,5-2-1,41110,8,3-5-1,0.0124,100,0,0,2600,,FALSE,TRUE,82.7
51,外れ,2420260214030006,2026-02-16,宇都宮,3,5-2-1,41110,9,3-4-1,0.4944,100,0,0,2600,,FALSE,TRUE,82.7
51,外れ,2420260214030006,2026-02-16,宇都宮,3,5-2-1,41110,10,3-6-5,0.3663,100,0,0,2600,,FALSE,TRUE,82.7
51,外れ,2420260214030006,2026-02-16,宇都宮,3,5-2-1,41110,11,3-7-1,0.1646,100,0,0,2600,,FALSE,TRUE,82.7
51,外れ,2420260214030006,2026-02-16,宇都宮,3,5-2-1,41110,12,3-5-6,0.0766,100,0,0,2600,,FALSE,TRUE,82.7
51,外れ,2420260214030006,2026-02-16,宇都宮,3,5-2-1,41110,13,3-2-5,0.0139,100,0,0,2600,,FALSE,TRUE,82.7
51,外れ,2420260214030006,2026-02-16,宇都宮,3,5-2-1,41110,14,3-5-2,0.0068,100,0,0,2600,,FALSE,TRUE,82.7
52,外れ,2420260214030007,2026-02-16,宇都宮,2,7-3-4,14800,1,2-3-7,22.9792,700,0,0,2400,-2400,FALSE,TRUE,75.9
52,外れ,2420260214030007,2026-02-16,宇都宮,2,7-3-4,14800,2,2-7-3,20.1981,400,0,0,2400,,FALSE,TRUE,75.9
52,外れ,2420260214030007,2026-02-16,宇都宮,2,7-3-4,14800,3,2-3-4,9.8158,200,0,0,2400,,FALSE,TRUE,75.9
52,外れ,2420260214030007,2026-02-16,宇都宮,2,7-3-4,14800,4,2-7-4,3.3677,100,0,0,2400,,FALSE,TRUE,75.9
52,外れ,2420260214030007,2026-02-16,宇都宮,2,7-3-4,14800,5,2-4-3,6.4423,100,0,0,2400,,FALSE,TRUE,75.9
52,外れ,2420260214030007,2026-02-16,宇都宮,2,7-3-4,14800,6,2-4-7,3.1374,100,0,0,2400,,FALSE,TRUE,75.9
52,外れ,2420260214030007,2026-02-16,宇都宮,2,7-3-4,14800,7,2-3-5,0.839,100,0,0,2400,,FALSE,TRUE,75.9
52,外れ,2420260214030007,2026-02-16,宇都宮,2,7-3-4,14800,8,2-7-5,0.8286,100,0,0,2400,,FALSE,TRUE,75.9
52,外れ,2420260214030007,2026-02-16,宇都宮,2,7-3-4,14800,9,2-3-1,0.1869,100,0,0,2400,,FALSE,TRUE,75.9
52,外れ,2420260214030007,2026-02-16,宇都宮,2,7-3-4,14800,10,2-7-1,0.0907,100,0,0,2400,,FALSE,TRUE,75.9
52,外れ,2420260214030007,2026-02-16,宇都宮,2,7-3-4,14800,11,2-1-3,0.1365,100,0,0,2400,,FALSE,TRUE,75.9
52,外れ,2420260214030007,2026-02-16,宇都宮,2,7-3-4,14800,12,2-1-7,0.0864,100,0,0,2400,,FALSE,TRUE,75.9
52,外れ,2420260214030007,2026-02-16,宇都宮,2,7-3-4,14800,13,2-4-1,0.04,100,0,0,2400,,FALSE,TRUE,75.9
52,外れ,2420260214030007,2026-02-16,宇都宮,2,7-3-4,14800,14,2-1-4,0.0383,100,0,0,2400,,FALSE,TRUE,75.9
53,外れ,2320260217010007,2026-02-17,取手,7,3-7-1,990,1,7-1-3,3.6421,600,0,0,1400,-1400,FALSE,TRUE,79.8
53,外れ,2320260217010007,2026-02-17,取手,7,3-7-1,990,2,7-5-3,2.0821,200,0,0,1400,,FALSE,TRUE,79.8
53,外れ,2320260217010007,2026-02-17,取手,7,3-7-1,990,3,7-3-1,0.4826,100,0,0,1400,,FALSE,TRUE,79.8
53,外れ,2320260217010007,2026-02-17,取手,7,3-7-1,990,4,7-3-5,0.2066,100,0,0,1400,,FALSE,TRUE,79.8
53,外れ,2320260217010007,2026-02-17,取手,7,3-7-1,990,5,7-4-3,0.8266,100,0,0,1400,,FALSE,TRUE,79.8
53,外れ,2320260217010007,2026-02-17,取手,7,3-7-1,990,6,7-3-4,0.2117,100,0,0,1400,,FALSE,TRUE,79.8
53,外れ,2320260217010007,2026-02-17,取手,7,3-7-1,990,7,7-3-2,0,100,0,0,1400,,FALSE,TRUE,79.8
53,外れ,2320260217010007,2026-02-17,取手,7,3-7-1,990,8,7-3-6,0,100,0,0,1400,,FALSE,TRUE,79.8
54,外れ,2320260217010008,2026-02-17,取手,4,5-1-6,2450,1,4-1-3,40.4785,900,0,0,2200,-2200,FALSE,FALSE,76
54,外れ,2320260217010008,2026-02-17,取手,4,5-1-6,2450,2,4-1-7,19.7084,300,0,0,2200,,FALSE,FALSE,76
54,外れ,2320260217010008,2026-02-17,取手,4,5-1-6,2450,3,4-1-5,4.0149,100,0,0,2200,,FALSE,FALSE,76
54,外れ,2320260217010008,2026-02-17,取手,4,5-1-6,2450,4,4-3-1,0.0032,100,0,0,2200,,FALSE,FALSE,76
54,外れ,2320260217010008,2026-02-17,取手,4,5-1-6,2450,5,4-1-6,0.0106,100,0,0,2200,,FALSE,FALSE,76
54,外れ,2320260217010008,2026-02-17,取手,4,5-1-6,2450,6,4-5-1,0.0004,100,0,0,2200,,FALSE,FALSE,76
54,外れ,2320260217010008,2026-02-17,取手,4,5-1-6,2450,7,4-3-7,0,100,0,0,2200,,FALSE,FALSE,76
54,外れ,2320260217010008,2026-02-17,取手,4,5-1-6,2450,8,4-3-5,0,100,0,0,2200,,FALSE,FALSE,76
54,外れ,2320260217010008,2026-02-17,取手,4,5-1-6,2450,9,4-5-3,0,100,0,0,2200,,FALSE,FALSE,76
54,外れ,2320260217010008,2026-02-17,取手,4,5-1-6,2450,10,4-5-7,0,100,0,0,2200,,FALSE,FALSE,76
54,外れ,2320260217010008,2026-02-17,取手,4,5-1-6,2450,11,4-3-6,0,100,0,0,2200,,FALSE,FALSE,76
54,外れ,2320260217010008,2026-02-17,取手,4,5-1-6,2450,12,4-5-6,0,100,0,0,2200,,FALSE,FALSE,76
55,的中,2320260217010012,2026-02-17,取手,5,5-7-2,11120,1,5-1-2,18.8271,900,0,0,2200,8920,FALSE,FALSE,79.1
55,的中,2320260217010012,2026-02-17,取手,5,5-7-2,11120,2,5-2-1,7.1069,300,0,0,2200,,FALSE,FALSE,79.1
55,的中,2320260217010012,2026-02-17,取手,5,5-7-2,11120,3,5-2-7,0.6982,100,0,0,2200,,FALSE,FALSE,79.1
55,的中,2320260217010012,2026-02-17,取手,5,5-7-2,11120,4,5-7-2,0.9275,100,1,11120,2200,,FALSE,FALSE,79.1
55,的中,2320260217010012,2026-02-17,取手,5,5-7-2,11120,5,5-1-3,0.0721,100,0,0,2200,,FALSE,FALSE,79.1
55,的中,2320260217010012,2026-02-17,取手,5,5-7-2,11120,6,5-3-1,0.0154,100,0,0,2200,,FALSE,FALSE,79.1
55,的中,2320260217010012,2026-02-17,取手,5,5-7-2,11120,7,5-2-3,0.0105,100,0,0,2200,,FALSE,FALSE,79.1
55,的中,2320260217010012,2026-02-17,取手,5,5-7-2,11120,8,5-3-2,0.0098,100,0,0,2200,,FALSE,FALSE,79.1
55,的中,2320260217010012,2026-02-17,取手,5,5-7-2,11120,9,5-3-7,0.0037,100,0,0,2200,,FALSE,FALSE,79.1
55,的中,2320260217010012,2026-02-17,取手,5,5-7-2,11120,10,5-2-6,0.0002,100,0,0,2200,,FALSE,FALSE,79.1
55,的中,2320260217010012,2026-02-17,取手,5,5-7-2,11120,11,5-2-4,0,100,0,0,2200,,FALSE,FALSE,79.1
55,的中,2320260217010012,2026-02-17,取手,5,5-7-2,11120,12,5-3-6,0,100,0,0,2200,,FALSE,FALSE,79.1
56,外れ,2320260217020007,2026-02-18,取手,3,7-3-1,790,1,3-7-1,7.3177,1100,0,0,2600,-2600,FALSE,TRUE,75.2
56,外れ,2320260217020007,2026-02-18,取手,3,7-3-1,790,2,3-7-5,3.3347,300,0,0,2600,,FALSE,TRUE,75.2
56,外れ,2320260217020007,2026-02-18,取手,3,7-3-1,790,3,3-7-4,0.4285,100,0,0,2600,,FALSE,TRUE,75.2
56,外れ,2320260217020007,2026-02-18,取手,3,7-3-1,790,4,3-7-2,0.4323,100,0,0,2600,,FALSE,TRUE,75.2
56,外れ,2320260217020007,2026-02-18,取手,3,7-3-1,790,5,3-1-7,0.3991,100,0,0,2600,,FALSE,TRUE,75.2
56,外れ,2320260217020007,2026-02-18,取手,3,7-3-1,790,6,3-5-7,0.1593,100,0,0,2600,,FALSE,TRUE,75.2
56,外れ,2320260217020007,2026-02-18,取手,3,7-3-1,790,7,3-4-7,0.03,100,0,0,2600,,FALSE,TRUE,75.2
56,外れ,2320260217020007,2026-02-18,取手,3,7-3-1,790,8,3-2-7,0.0214,100,0,0,2600,,FALSE,TRUE,75.2
56,外れ,2320260217020007,2026-02-18,取手,3,7-3-1,790,9,3-7-6,0.0025,100,0,0,2600,,FALSE,TRUE,75.2
56,外れ,2320260217020007,2026-02-18,取手,3,7-3-1,790,10,3-1-4,0.0014,100,0,0,2600,,FALSE,TRUE,75.2
56,外れ,2320260217020007,2026-02-18,取手,3,7-3-1,790,11,3-4-1,0.0009,100,0,0,2600,,FALSE,TRUE,75.2
56,外れ,2320260217020007,2026-02-18,取手,3,7-3-1,790,12,3-1-2,0.0007,100,0,0,2600,,FALSE,TRUE,75.2
56,外れ,2320260217020007,2026-02-18,取手,3,7-3-1,790,13,3-2-1,0.0005,100,0,0,2600,,FALSE,TRUE,75.2
56,外れ,2320260217020007,2026-02-18,取手,3,7-3-1,790,14,3-4-5,0.0005,100,0,0,2600,,FALSE,TRUE,75.2
57,外れ,2320260217030006,2026-02-19,取手,4,7-5-1,4730,1,4-7-2,0.0104,300,0,0,500,-500,FALSE,TRUE,74.2
57,外れ,2320260217030006,2026-02-19,取手,4,7-5-1,4730,2,4-7-1,0,100,0,0,500,,FALSE,TRUE,74.2
57,外れ,2320260217030006,2026-02-19,取手,4,7-5-1,4730,3,4-1-7,0,100,0,0,500,,FALSE,TRUE,74.2
58,外れ,2320260217030007,2026-02-19,取手,2,3-5-6,8220,1,2-1-3,13.7934,700,0,0,1300,-1300,FALSE,TRUE,75.8
58,外れ,2320260217030007,2026-02-19,取手,2,3-5-6,8220,2,2-1-6,1.5829,100,0,0,1300,,FALSE,TRUE,75.8
58,外れ,2320260217030007,2026-02-19,取手,2,3-5-6,8220,3,2-1-7,1.7986,100,0,0,1300,,FALSE,TRUE,75.8
58,外れ,2320260217030007,2026-02-19,取手,2,3-5-6,8220,4,2-3-1,0.4273,100,0,0,1300,,FALSE,TRUE,75.8
58,外れ,2320260217030007,2026-02-19,取手,2,3-5-6,8220,5,2-6-1,0.0246,100,0,0,1300,,FALSE,TRUE,75.8
58,外れ,2320260217030007,2026-02-19,取手,2,3-5-6,8220,6,2-6-3,0.0005,100,0,0,1300,,FALSE,TRUE,75.8
58,外れ,2320260217030007,2026-02-19,取手,2,3-5-6,8220,7,2-6-4,0,100,0,0,1300,,FALSE,TRUE,75.8
59,的中,3720260220010010,2026-02-20,伊東,2,2-1-7,2440,1,2-1-3,11.0033,1400,0,0,2700,-260,FALSE,TRUE,80.1
59,的中,3720260220010010,2026-02-20,伊東,2,2-1-7,2440,2,2-3-1,0.6203,100,0,0,2700,,FALSE,TRUE,80.1
59,的中,3720260220010010,2026-02-20,伊東,2,2-1-7,2440,3,2-1-7,0.0052,100,1,2440,2700,,FALSE,TRUE,80.1
59,的中,3720260220010010,2026-02-20,伊東,2,2-1-7,2440,4,2-7-1,0.0005,100,0,0,2700,,FALSE,TRUE,80.1
59,的中,3720260220010010,2026-02-20,伊東,2,2-1-7,2440,5,2-1-4,0.0003,100,0,0,2700,,FALSE,TRUE,80.1
59,的中,3720260220010010,2026-02-20,伊東,2,2-1-7,2440,6,2-1-5,0.0001,100,0,0,2700,,FALSE,TRUE,80.1
59,的中,3720260220010010,2026-02-20,伊東,2,2-1-7,2440,7,2-3-7,0,100,0,0,2700,,FALSE,TRUE,80.1
59,的中,3720260220010010,2026-02-20,伊東,2,2-1-7,2440,8,2-4-1,0,100,0,0,2700,,FALSE,TRUE,80.1
59,的中,3720260220010010,2026-02-20,伊東,2,2-1-7,2440,9,2-3-4,0,100,0,0,2700,,FALSE,TRUE,80.1
59,的中,3720260220010010,2026-02-20,伊東,2,2-1-7,2440,10,2-4-3,0,100,0,0,2700,,FALSE,TRUE,80.1
59,的中,3720260220010010,2026-02-20,伊東,2,2-1-7,2440,11,2-3-5,0,100,0,0,2700,,FALSE,TRUE,80.1
59,的中,3720260220010010,2026-02-20,伊東,2,2-1-7,2440,12,2-5-3,0,100,0,0,2700,,FALSE,TRUE,80.1
59,的中,3720260220010010,2026-02-20,伊東,2,2-1-7,2440,13,2-1-6,0,100,0,0,2700,,FALSE,TRUE,80.1
59,的中,3720260220010010,2026-02-20,伊東,2,2-1-7,2440,14,2-4-7,0,100,0,0,2700,,FALSE,TRUE,80.1
60,外れ,8720260220010012,2026-02-20,熊本,1,9-1-2,4120,1,1-8-2,44.1635,1100,0,0,2600,-2600,FALSE,TRUE,90.1
60,外れ,8720260220010012,2026-02-20,熊本,1,9-1-2,4120,2,1-2-8,16.5469,300,0,0,2600,,FALSE,TRUE,90.1
60,外れ,8720260220010012,2026-02-20,熊本,1,9-1-2,4120,3,1-5-8,3.7815,100,0,0,2600,,FALSE,TRUE,90.1
60,外れ,8720260220010012,2026-02-20,熊本,1,9-1-2,4120,4,1-2-5,1.1168,100,0,0,2600,,FALSE,TRUE,90.1
60,外れ,8720260220010012,2026-02-20,熊本,1,9-1-2,4120,5,1-5-2,0.6016,100,0,0,2600,,FALSE,TRUE,90.1
60,外れ,8720260220010012,2026-02-20,熊本,1,9-1-2,4120,6,1-2-4,0.2042,100,0,0,2600,,FALSE,TRUE,90.1
60,外れ,8720260220010012,2026-02-20,熊本,1,9-1-2,4120,7,1-4-2,0.2031,100,0,0,2600,,FALSE,TRUE,90.1
60,外れ,8720260220010012,2026-02-20,熊本,1,9-1-2,4120,8,1-5-4,0.0397,100,0,0,2600,,FALSE,TRUE,90.1
60,外れ,8720260220010012,2026-02-20,熊本,1,9-1-2,4120,9,1-8-6,0.0001,100,0,0,2600,,FALSE,TRUE,90.1
60,外れ,8720260220010012,2026-02-20,熊本,1,9-1-2,4120,10,1-6-8,0,100,0,0,2600,,FALSE,TRUE,90.1
60,外れ,8720260220010012,2026-02-20,熊本,1,9-1-2,4120,11,1-2-6,0,100,0,0,2600,,FALSE,TRUE,90.1
60,外れ,8720260220010012,2026-02-20,熊本,1,9-1-2,4120,12,1-6-2,0,100,0,0,2600,,FALSE,TRUE,90.1
60,外れ,8720260220010012,2026-02-20,熊本,1,9-1-2,4120,13,1-5-6,0,100,0,0,2600,,FALSE,TRUE,90.1
60,外れ,8720260220010012,2026-02-20,熊本,1,9-1-2,4120,14,1-6-5,0,100,0,0,2600,,FALSE,TRUE,90.1
61,外れ,3720260220020006,2026-02-21,伊東,2,3-1-2,3930,1,2-3-6,12.0343,900,0,0,1700,-1700,FALSE,TRUE,72
61,外れ,3720260220020006,2026-02-21,伊東,2,3-1-2,3930,2,2-3-5,0.0544,100,0,0,1700,,FALSE,TRUE,72
61,外れ,3720260220020006,2026-02-21,伊東,2,3-1-2,3930,3,2-5-3,0.3452,100,0,0,1700,,FALSE,TRUE,72
61,外れ,3720260220020006,2026-02-21,伊東,2,3-1-2,3930,4,2-3-1,0.1006,100,0,0,1700,,FALSE,TRUE,72
61,外れ,3720260220020006,2026-02-21,伊東,2,3-1-2,3930,5,2-1-3,0.2033,100,0,0,1700,,FALSE,TRUE,72
61,外れ,3720260220020006,2026-02-21,伊東,2,3-1-2,3930,6,2-3-4,0.0174,100,0,0,1700,,FALSE,TRUE,72
61,外れ,3720260220020006,2026-02-21,伊東,2,3-1-2,3930,7,2-4-3,0.0345,100,0,0,1700,,FALSE,TRUE,72
61,外れ,3720260220020006,2026-02-21,伊東,2,3-1-2,3930,8,2-1-4,0.002,100,0,0,1700,,FALSE,TRUE,72
61,外れ,3720260220020006,2026-02-21,伊東,2,3-1-2,3930,9,2-4-1,0.0025,100,0,0,1700,,FALSE,TRUE,72
62,外れ,3720260220020007,2026-02-21,伊東,5,1-2-4,3690,1,5-2-1,18.0891,1400,0,0,2700,-2700,FALSE,TRUE,75.6
62,外れ,3720260220020007,2026-02-21,伊東,5,1-2-4,3690,2,5-2-3,0.6086,100,0,0,2700,,FALSE,TRUE,75.6
62,外れ,3720260220020007,2026-02-21,伊東,5,1-2-4,3690,3,5-1-2,0.5084,100,0,0,2700,,FALSE,TRUE,75.6
62,外れ,3720260220020007,2026-02-21,伊東,5,1-2-4,3690,4,5-3-2,0.0117,100,0,0,2700,,FALSE,TRUE,75.6
62,外れ,3720260220020007,2026-02-21,伊東,5,1-2-4,3690,5,5-2-4,0.0025,100,0,0,2700,,FALSE,TRUE,75.6
62,外れ,3720260220020007,2026-02-21,伊東,5,1-2-4,3690,6,5-1-3,0.0006,100,0,0,2700,,FALSE,TRUE,75.6
62,外れ,3720260220020007,2026-02-21,伊東,5,1-2-4,3690,7,5-3-1,0.0004,100,0,0,2700,,FALSE,TRUE,75.6
62,外れ,3720260220020007,2026-02-21,伊東,5,1-2-4,3690,8,5-4-2,0.0002,100,0,0,2700,,FALSE,TRUE,75.6
62,外れ,3720260220020007,2026-02-21,伊東,5,1-2-4,3690,9,5-1-4,0,100,0,0,2700,,FALSE,TRUE,75.6
62,外れ,3720260220020007,2026-02-21,伊東,5,1-2-4,3690,10,5-4-1,0,100,0,0,2700,,FALSE,TRUE,75.6
62,外れ,3720260220020007,2026-02-21,伊東,5,1-2-4,3690,11,5-3-4,0,100,0,0,2700,,FALSE,TRUE,75.6
62,外れ,3720260220020007,2026-02-21,伊東,5,1-2-4,3690,12,5-4-3,0,100,0,0,2700,,FALSE,TRUE,75.6
62,外れ,3720260220020007,2026-02-21,伊東,5,1-2-4,3690,13,5-1-6,0,100,0,0,2700,,FALSE,TRUE,75.6
62,外れ,3720260220020007,2026-02-21,伊東,5,1-2-4,3690,14,5-3-6,0,100,0,0,2700,,FALSE,TRUE,75.6
63,外れ,8720260220020001,2026-02-21,熊本,2,1-7-8,21160,1,2-7-5,0.0274,100,0,0,100,-100,FALSE,TRUE,83.7
64,外れ,3720260220030005,2026-02-22,伊東,3,5-2-1,1260,1,3-5-2,7.7008,400,0,0,1300,-1300,FALSE,TRUE,73
64,外れ,3720260220030005,2026-02-22,伊東,3,5-2-1,1260,2,3-2-5,6.0677,200,0,0,1300,,FALSE,TRUE,73
64,外れ,3720260220030005,2026-02-22,伊東,3,5-2-1,1260,3,3-5-4,6.0142,200,0,0,1300,,FALSE,TRUE,73
64,外れ,3720260220030005,2026-02-22,伊東,3,5-2-1,1260,4,3-4-5,1.468,100,0,0,1300,,FALSE,TRUE,73
64,外れ,3720260220030005,2026-02-22,伊東,3,5-2-1,1260,5,3-2-4,1.4898,100,0,0,1300,,FALSE,TRUE,73
64,外れ,3720260220030005,2026-02-22,伊東,3,5-2-1,1260,6,3-4-2,0.7273,100,0,0,1300,,FALSE,TRUE,73
64,外れ,3720260220030005,2026-02-22,伊東,3,5-2-1,1260,7,3-4-1,0.0034,100,0,0,1300,,FALSE,TRUE,73
64,外れ,3720260220030005,2026-02-22,伊東,3,5-2-1,1260,8,3-1-4,0.009,100,0,0,1300,,FALSE,TRUE,73
65,外れ,3720260220030006,2026-02-22,伊東,5,1-4-2,4390,1,5-1-4,12.9161,600,0,0,1200,-1200,FALSE,TRUE,76.3
65,外れ,3720260220030006,2026-02-22,伊東,5,1-4-2,4390,2,5-4-1,5.382,100,0,0,1200,,FALSE,TRUE,76.3
65,外れ,3720260220030006,2026-02-22,伊東,5,1-4-2,4390,3,5-1-2,3.6738,100,0,0,1200,,FALSE,TRUE,76.3
65,外れ,3720260220030006,2026-02-22,伊東,5,1-4-2,4390,4,5-2-1,1.0049,100,0,0,1200,,FALSE,TRUE,76.3
65,外れ,3720260220030006,2026-02-22,伊東,5,1-4-2,4390,5,5-2-3,2.4287,100,0,0,1200,,FALSE,TRUE,76.3
65,外れ,3720260220030006,2026-02-22,伊東,5,1-4-2,4390,6,5-4-2,0.3655,100,0,0,1200,,FALSE,TRUE,76.3
65,外れ,3720260220030006,2026-02-22,伊東,5,1-4-2,4390,7,5-2-4,0.2234,100,0,0,1200,,FALSE,TRUE,76.3
66,的中,3720260220030007,2026-02-22,伊東,1,1-5-2,1550,1,1-4-3,4.8228,700,0,0,2200,-650,FALSE,TRUE,75.1
66,的中,3720260220030007,2026-02-22,伊東,1,1-5-2,1550,2,1-3-4,3.4934,200,0,0,2200,,FALSE,TRUE,75.1
66,的中,3720260220030007,2026-02-22,伊東,1,1-5-2,1550,3,1-4-2,3.7401,200,0,0,2200,,FALSE,TRUE,75.1
66,的中,3720260220030007,2026-02-22,伊東,1,1-5-2,1550,4,1-3-2,2.6013,100,0,0,2200,,FALSE,TRUE,75.1
66,的中,3720260220030007,2026-02-22,伊東,1,1-5-2,1550,5,1-2-4,2.5296,100,0,0,2200,,FALSE,TRUE,75.1
66,的中,3720260220030007,2026-02-22,伊東,1,1-5-2,1550,6,1-2-3,2.2565,100,0,0,2200,,FALSE,TRUE,75.1
66,的中,3720260220030007,2026-02-22,伊東,1,1-5-2,1550,7,1-4-5,0.3111,100,0,0,2200,,FALSE,TRUE,75.1
66,的中,3720260220030007,2026-02-22,伊東,1,1-5-2,1550,8,1-3-5,0.2127,100,0,0,2200,,FALSE,TRUE,75.1
66,的中,3720260220030007,2026-02-22,伊東,1,1-5-2,1550,9,1-5-4,0.0658,100,0,0,2200,,FALSE,TRUE,75.1
66,的中,3720260220030007,2026-02-22,伊東,1,1-5-2,1550,10,1-5-3,0.0617,100,0,0,2200,,FALSE,TRUE,75.1
66,的中,3720260220030007,2026-02-22,伊東,1,1-5-2,1550,11,1-2-5,0.0531,100,0,0,2200,,FALSE,TRUE,75.1
66,的中,3720260220030007,2026-02-22,伊東,1,1-5-2,1550,12,1-5-2,0.0175,100,1,1550,2200,,FALSE,TRUE,75.1
66,的中,3720260220030007,2026-02-22,伊東,1,1-5-2,1550,13,1-4-6,0.0005,100,0,0,2200,,FALSE,TRUE,75.1
66,的中,3720260220030007,2026-02-22,伊東,1,1-5-2,1550,14,1-3-6,0.0003,100,0,0,2200,,FALSE,TRUE,75.1
67,的中,8720260220030001,2026-02-22,熊本,3,3-4-5,3420,1,3-5-4,4.3221,800,0,0,2300,1120,FALSE,TRUE,83.2
67,的中,8720260220030001,2026-02-22,熊本,3,3-4-5,3420,2,3-5-2,2.201,200,0,0,2300,,FALSE,TRUE,83.2
67,的中,8720260220030001,2026-02-22,熊本,3,3-4-5,3420,3,3-4-5,1.5432,100,1,3420,2300,,FALSE,TRUE,83.2
67,的中,8720260220030001,2026-02-22,熊本,3,3-4-5,3420,4,3-2-5,1.1251,100,0,0,2300,,FALSE,TRUE,83.2
67,的中,8720260220030001,2026-02-22,熊本,3,3-4-5,3420,5,3-4-9,1.6533,200,0,0,2300,,FALSE,TRUE,83.2
67,的中,8720260220030001,2026-02-22,熊本,3,3-4-5,3420,6,3-4-2,0.0746,100,0,0,2300,,FALSE,TRUE,83.2
67,的中,8720260220030001,2026-02-22,熊本,3,3-4-5,3420,7,3-2-4,0.1161,100,0,0,2300,,FALSE,TRUE,83.2
67,的中,8720260220030001,2026-02-22,熊本,3,3-4-5,3420,8,3-5-1,0.01,100,0,0,2300,,FALSE,TRUE,83.2
67,的中,8720260220030001,2026-02-22,熊本,3,3-4-5,3420,9,3-2-8,0.0142,100,0,0,2300,,FALSE,TRUE,83.2
67,的中,8720260220030001,2026-02-22,熊本,3,3-4-5,3420,10,3-1-5,0.0044,100,0,0,2300,,FALSE,TRUE,83.2
67,的中,8720260220030001,2026-02-22,熊本,3,3-4-5,3420,11,3-9-1,0.0022,100,0,0,2300,,FALSE,TRUE,83.2
67,的中,8720260220030001,2026-02-22,熊本,3,3-4-5,3420,12,3-1-9,0.0015,100,0,0,2300,,FALSE,TRUE,83.2
67,的中,8720260220030001,2026-02-22,熊本,3,3-4-5,3420,13,3-4-1,0.0002,100,0,0,2300,,FALSE,TRUE,83.2
67,的中,8720260220030001,2026-02-22,熊本,3,3-4-5,3420,14,3-1-4,0.0003,100,0,0,2300,,FALSE,TRUE,83.2
68,外れ,8720260220030003,2026-02-22,熊本,1,1-5-3,3250,1,1-9-2,16.507,1100,0,0,2500,-2500,FALSE,TRUE,82.4
68,外れ,8720260220030003,2026-02-22,熊本,1,1-5-3,3250,2,1-2-9,1.9607,100,0,0,2500,,FALSE,TRUE,82.4
68,外れ,8720260220030003,2026-02-22,熊本,1,1-5-3,3250,3,1-9-7,4.2649,200,0,0,2500,,FALSE,TRUE,82.4
68,外れ,8720260220030003,2026-02-22,熊本,1,1-5-3,3250,4,1-9-6,1.4759,100,0,0,2500,,FALSE,TRUE,82.4
68,外れ,8720260220030003,2026-02-22,熊本,1,1-5-3,3250,5,1-9-5,0.3206,100,0,0,2500,,FALSE,TRUE,82.4
68,外れ,8720260220030003,2026-02-22,熊本,1,1-5-3,3250,6,1-7-9,0.6756,100,0,0,2500,,FALSE,TRUE,82.4
68,外れ,8720260220030003,2026-02-22,熊本,1,1-5-3,3250,7,1-2-8,0.263,100,0,0,2500,,FALSE,TRUE,82.4
68,外れ,8720260220030003,2026-02-22,熊本,1,1-5-3,3250,8,1-8-2,0.3369,100,0,0,2500,,FALSE,TRUE,82.4
68,外れ,8720260220030003,2026-02-22,熊本,1,1-5-3,3250,9,1-9-4,0.1539,100,0,0,2500,,FALSE,TRUE,82.4
68,外れ,8720260220030003,2026-02-22,熊本,1,1-5-3,3250,10,1-5-9,0.0208,100,0,0,2500,,FALSE,TRUE,82.4
68,外れ,8720260220030003,2026-02-22,熊本,1,1-5-3,3250,11,1-2-7,0.023,100,0,0,2500,,FALSE,TRUE,82.4
68,外れ,8720260220030003,2026-02-22,熊本,1,1-5-3,3250,12,1-7-2,0.0298,100,0,0,2500,,FALSE,TRUE,82.4
68,外れ,8720260220030003,2026-02-22,熊本,1,1-5-3,3250,13,1-2-6,0.0961,100,0,0,2500,,FALSE,TRUE,82.4
68,外れ,8720260220030003,2026-02-22,熊本,1,1-5-3,3250,14,1-9-3,0.0275,100,0,0,2500,,FALSE,TRUE,82.4
69,外れ,4520260223010006,2026-02-23,豊橋,7,2-7-5,3170,1,7-2-3,28.489,1300,0,0,2600,-2600,FALSE,TRUE,81.9
69,外れ,4520260223010006,2026-02-23,豊橋,7,2-7-5,3170,2,7-3-2,3.0809,100,0,0,2600,,FALSE,TRUE,81.9
69,外れ,4520260223010006,2026-02-23,豊橋,7,2-7-5,3170,3,7-2-1,0.1524,100,0,0,2600,,FALSE,TRUE,81.9
69,外れ,4520260223010006,2026-02-23,豊橋,7,2-7-5,3170,4,7-1-2,0.0258,100,0,0,2600,,FALSE,TRUE,81.9
69,外れ,4520260223010006,2026-02-23,豊橋,7,2-7-5,3170,5,7-2-5,0.0051,100,0,0,2600,,FALSE,TRUE,81.9
69,外れ,4520260223010006,2026-02-23,豊橋,7,2-7-5,3170,6,7-3-1,0.0024,100,0,0,2600,,FALSE,TRUE,81.9
69,外れ,4520260223010006,2026-02-23,豊橋,7,2-7-5,3170,7,7-1-3,0.0037,100,0,0,2600,,FALSE,TRUE,81.9
69,外れ,4520260223010006,2026-02-23,豊橋,7,2-7-5,3170,8,7-5-2,0.0004,100,0,0,2600,,FALSE,TRUE,81.9
69,外れ,4520260223010006,2026-02-23,豊橋,7,2-7-5,3170,9,7-3-5,0.0001,100,0,0,2600,,FALSE,TRUE,81.9
69,外れ,4520260223010006,2026-02-23,豊橋,7,2-7-5,3170,10,7-5-3,0,100,0,0,2600,,FALSE,TRUE,81.9
69,外れ,4520260223010006,2026-02-23,豊橋,7,2-7-5,3170,11,7-2-6,0.0002,100,0,0,2600,,FALSE,TRUE,81.9
69,外れ,4520260223010006,2026-02-23,豊橋,7,2-7-5,3170,12,7-2-4,0.0001,100,0,0,2600,,FALSE,TRUE,81.9
69,外れ,4520260223010006,2026-02-23,豊橋,7,2-7-5,3170,13,7-4-2,0,100,0,0,2600,,FALSE,TRUE,81.9
69,外れ,4520260223010006,2026-02-23,豊橋,7,2-7-5,3170,14,7-3-6,0,100,0,0,2600,,FALSE,TRUE,81.9
70,外れ,4520260223010007,2026-02-23,豊橋,2,3-7-4,6130,1,2-3-1,0.873,400,0,0,700,-700,FALSE,TRUE,78.6
70,外れ,4520260223010007,2026-02-23,豊橋,2,3-7-4,6130,2,2-3-4,0.0166,100,0,0,700,,FALSE,TRUE,78.6
70,外れ,4520260223010007,2026-02-23,豊橋,2,3-7-4,6130,3,2-1-5,0,100,0,0,700,,FALSE,TRUE,78.6
70,外れ,4520260223010007,2026-02-23,豊橋,2,3-7-4,6130,4,2-5-1,0,100,0,0,700,,FALSE,TRUE,78.6
71,外れ,4520260223010009,2026-02-23,豊橋,7,1-4-2,830,1,7-4-1,0,100,0,0,300,-300,FALSE,TRUE,80.6
71,外れ,4520260223010009,2026-02-23,豊橋,7,1-4-2,830,2,7-1-4,0,200,0,0,300,,FALSE,TRUE,80.6
72,外れ,8720260220040002,2026-02-23,熊本,7,3-7-4,17640,1,7-3-1,23.1103,500,0,0,2500,-2500,FALSE,TRUE,82.7
72,外れ,8720260220040002,2026-02-23,熊本,7,3-7-4,17640,2,7-1-3,24.8293,800,0,0,2500,,FALSE,TRUE,82.7
72,外れ,8720260220040002,2026-02-23,熊本,7,3-7-4,17640,3,7-1-9,5.8885,100,0,0,2500,,FALSE,TRUE,82.7
72,外れ,8720260220040002,2026-02-23,熊本,7,3-7-4,17640,4,7-3-2,0.4092,100,0,0,2500,,FALSE,TRUE,82.7
72,外れ,8720260220040002,2026-02-23,熊本,7,3-7-4,17640,5,7-1-2,0.3565,100,0,0,2500,,FALSE,TRUE,82.7
72,外れ,8720260220040002,2026-02-23,熊本,7,3-7-4,17640,6,7-2-3,0.0852,100,0,0,2500,,FALSE,TRUE,82.7
72,外れ,8720260220040002,2026-02-23,熊本,7,3-7-4,17640,7,7-2-1,0.0804,100,0,0,2500,,FALSE,TRUE,82.7
72,外れ,8720260220040002,2026-02-23,熊本,7,3-7-4,17640,8,7-3-4,0.2568,100,0,0,2500,,FALSE,TRUE,82.7
72,外れ,8720260220040002,2026-02-23,熊本,7,3-7-4,17640,9,7-3-5,0.4796,100,0,0,2500,,FALSE,TRUE,82.7
72,外れ,8720260220040002,2026-02-23,熊本,7,3-7-4,17640,10,7-1-4,0.1459,100,0,0,2500,,FALSE,TRUE,82.7
72,外れ,8720260220040002,2026-02-23,熊本,7,3-7-4,17640,11,7-4-3,0.108,100,0,0,2500,,FALSE,TRUE,82.7
72,外れ,8720260220040002,2026-02-23,熊本,7,3-7-4,17640,12,7-9-2,0.1886,100,0,0,2500,,FALSE,TRUE,82.7
72,外れ,8720260220040002,2026-02-23,熊本,7,3-7-4,17640,13,7-4-1,0.0717,100,0,0,2500,,FALSE,TRUE,82.7
72,外れ,8720260220040002,2026-02-23,熊本,7,3-7-4,17640,14,7-2-9,0.0552,100,0,0,2500,,FALSE,TRUE,82.7
73,外れ,4520260223020007,2026-02-24,豊橋,2,2-3-4,11360,1,2-5-3,0.0288,400,0,0,900,-900,FALSE,TRUE,77.3
73,外れ,4520260223020007,2026-02-24,豊橋,2,2-3-4,11360,2,2-1-4,0.0163,100,0,0,900,,FALSE,TRUE,77.3
73,外れ,4520260223020007,2026-02-24,豊橋,2,2-3-4,11360,3,2-4-1,0.011,100,0,0,900,,FALSE,TRUE,77.3
73,外れ,4520260223020007,2026-02-24,豊橋,2,2-3-4,11360,4,2-5-1,0.0027,100,0,0,900,,FALSE,TRUE,77.3
73,外れ,4520260223020007,2026-02-24,豊橋,2,2-3-4,11360,5,2-4-5,0,100,0,0,900,,FALSE,TRUE,77.3
73,外れ,4520260223020007,2026-02-24,豊橋,2,2-3-4,11360,6,2-5-4,0,100,0,0,900,,FALSE,TRUE,77.3
