選手名,旧順位,新順位,順位変動,隠れ鬼脚指数,新_隠れ鬼脚指数,鬼脚差分,千切れリスク,新_千切れリスク,千切れ差分,死に駆け忠誠度,新_死に駆け忠誠度,忠誠差分,突っ込み力,新_突っ込み力,突っ込み差分,新総合,再スコア特記事項
上吹越 直樹,21,1,20,56.3,75.8,19.5,26.8,75.4,48.6,40.0,7.0,-33.0,50.0,38.8,-11.2,49.2,IP5.0 / DP6.0 / BP5.0 | 大敗でもDP/伸びで脚残り検出 / BP/追走面の脆さで番手過信禁物
山田 庸平,18,2,16,64.5,74.6,10.1,23.3,73.9,50.6,40.0,4.0,-36.0,50.0,38.8,-11.2,47.8,IP6.25 / BP5.67 | 大敗でもDP/伸びで脚残り検出 / BP/追走面の脆さで番手過信禁物
太刀川 一成,3,3,0,42.0,65.6,23.6,46.3,71.0,24.7,40.0,8.0,-32.0,75.0,44.6,-30.4,47.3,IP5.21 / EP5.0 / DP6.0 / BP5.0 | 位置取り負け由来の着悪化に注意 / BP/追走面の脆さで番手過信禁物
近藤 俊明,17,4,13,42.0,67.5,25.5,52.4,75.6,23.2,40.0,4.0,-36.0,47.5,33.2,-14.3,45.1,IP5.38 / DP6.0 / BP5.38 | 位置取り負け由来の着悪化に注意 / BP/追走面の脆さで番手過信禁物
川津 悠揮,29,5,24,78.0,71.4,-6.6,19.1,69.0,49.9,12.0,1.0,-11.0,42.5,38.4,-4.0,45.0,IP5.7 / DP5.5 / BP5.75 | 大敗でもDP/伸びで脚残り検出 / BP/追走面の脆さで番手過信禁物
塚本 大樹,4,6,-2,30.2,34.3,4.1,52.4,75.4,23.0,40.0,7.0,-33.0,75.0,62.7,-12.3,44.8,IP5.62 / EP5.0 / DP7.0 / BP5.33 | BP/追走面の脆さで番手過信禁物 / 展開向けば終いで浮上
小原 太樹,14,7,7,64.5,66.6,2.1,17.6,68.0,50.4,40.0,5.0,-35.0,62.5,32.8,-29.7,43.1,IP6.46 / BP6.46 | 位置取り負け由来の着悪化に注意 / BP/追走面の脆さで番手過信禁物
須永 優太,9,8,1,76.0,58.0,-18.0,17.6,37.8,20.2,40.0,10.0,-30.0,55.0,66.5,11.5,43.1,IP6.58 / DP7.5 / BP6.73 | 位置取り負け由来の着悪化に注意 / マーク時の追走課題あり / 展開向けば終いで浮上
福田 滉,25,9,16,76.0,66.9,-9.1,22.2,69.0,46.8,40.0,10.0,-30.0,27.5,26.0,-1.5,43.0,IP5.67 / DP7.0 / BP5.6 | 位置取り負け由来の着悪化に注意 / BP/追走面の脆さで番手過信禁物
金澤 幸司,16,10,6,52.0,71.0,19.0,30.2,73.7,43.5,40.0,8.0,-32.0,60.0,18.3,-41.7,42.8,IP4.78 / DP6.0 / BP4.67 | 大敗でもDP/伸びで脚残り検出 / BP/追走面の脆さで番手過信禁物
上杉 嘉槻,1,11,-10,47.4,72.0,24.6,60.0,66.9,6.9,47.0,31.4,-15.6,70.0,0.0,-70.0,42.6,IP5.14 / EP5.83 / DP5.67 / BP5.0 | 大敗でもDP/伸びで脚残り検出 / BP/追走面の脆さで番手過信禁物 / 縁故系ライン検出1回
柏野 智典,15,12,3,76.3,69.7,-6.6,8.0,39.9,31.9,40.0,10.0,-30.0,60.0,48.6,-11.4,42.1,IP6.09 / DP6.0 / BP6.22 | 位置取り負け由来の着悪化に注意 / マーク時の追走課題あり / 展開向けば終いで浮上
神山 拓弥,6,13,-7,88.0,67.2,-20.8,16.9,38.8,21.9,40.0,25.7,-14.3,50.0,36.2,-13.8,42.0,IP6.23 / BP6.23 | 位置取り負け由来の着悪化に注意 / マーク時の追走課題あり / 縁故系ライン検出1回
笹倉 慎也,11,14,-3,60.0,71.6,11.6,36.3,76.7,40.4,40.0,6.0,-34.0,50.0,11.1,-38.9,41.4,IP5.0 / DP6.0 / BP4.83 | 大敗でもDP/伸びで脚残り検出 / BP/追走面の脆さで番手過信禁物
浅井 康太,5,15,-10,52.0,65.5,13.5,30.2,66.9,36.7,40.0,4.0,-36.0,75.0,25.4,-49.6,40.4,IP6.42 / DP7.5 / BP6.44 | 位置取り負け由来の着悪化に注意 / BP/追走面の脆さで番手過信禁物
皿屋 豊,2,16,-14,76.3,70.5,-5.8,8.0,36.7,28.7,40.0,7.0,-33.0,80.0,45.5,-34.5,39.9,IP5.78 / EP5.75 / DP6.17 / BP6.5 | 大敗でもDP/伸びで脚残り検出 / マーク時の追走課題あり / 展開向けば終いで浮上
米嶋 恵介,26,17,9,76.0,65.2,-10.8,18.5,39.0,20.5,40.0,29.5,-10.5,26.2,25.4,-0.8,39.8,IP5.67 / EP4.0 / DP5.67 / BP5.9 | 位置取り負け由来の着悪化に注意 / マーク時の追走課題あり / 縁故系ライン検出2回
上野 優太,19,18,1,47.0,49.2,2.2,8.0,36.8,28.8,40.0,10.0,-30.0,81.0,59.4,-21.6,38.9,IP6.4 / DP7.5 / BP6.38 | 位置取り負け由来の着悪化に注意 / マーク時の追走課題あり / 展開向けば終いで浮上
齊藤 竜也,27,19,8,52.0,68.0,16.0,20.9,43.0,22.1,12.0,1.0,-11.0,75.0,40.0,-35.0,38.0,IP5.5 / BP5.5 | 位置取り負け由来の着悪化に注意 / マーク時の追走課題あり
久島 尚樹,24,20,4,76.0,67.5,-8.5,0.0,37.8,37.8,40.0,9.0,-31.0,50.0,37.5,-12.5,37.9,IP5.83 / EP6.0 / DP7.0 / BP6.0 | 位置取り負け由来の着悪化に注意 / マーク時の追走課題あり
樫山 恭柄,20,21,-1,52.0,67.3,15.3,31.8,70.3,38.5,40.0,4.0,-36.0,50.0,0.0,-50.0,35.4,IP5.0 / DP6.0 / BP5.0 | 位置取り負け由来の着悪化に注意 / BP/追走面の脆さで番手過信禁物
山本 伸一,30,22,8,76.0,66.9,-9.1,8.0,4.1,-3.9,12.0,1.0,-11.0,55.0,66.9,11.9,34.7,IP6.57 / EP6.0 / DP6.67 / BP7.0 | 位置取り負け由来の着悪化に注意 / 展開向けば終いで浮上
岩谷 拓磨,8,23,-15,76.0,66.0,-10.0,0.0,0.0,0.0,43.9,32.0,-11.9,70.0,33.0,-37.0,32.8,IP6.22 / EP6.75 / DP6.88 / BP6.0 | 位置取り負け由来の着悪化に注意 / 縁故系ライン検出1回
上田 国広,12,24,-12,88.0,70.7,-17.3,8.0,39.7,31.7,40.0,4.0,-36.0,50.0,0.0,-50.0,28.6,IP5.71 / DP7.0 / BP5.86 | 大敗でもDP/伸びで脚残り検出 / マーク時の追走課題あり
野田 源一,28,25,3,66.2,73.1,6.9,0.0,0.0,0.0,12.0,1.0,-11.0,78.6,38.4,-40.2,28.1,IP5.14 / DP6.14 / BP6.0 | 大敗でもDP/伸びで脚残り検出
坂田 康季,7,26,-19,20.0,8.8,-11.2,60.0,68.4,8.4,44.4,27.0,-17.4,70.0,0.0,-70.0,26.0,IP5.6 / EP6.25 / DP6.25 / BP5.0 | BP/追走面の脆さで番手過信禁物
犬伏 湧也,22,27,-5,52.0,70.5,18.5,0.0,0.0,0.0,45.0,27.4,-17.6,75.0,0.0,-75.0,24.5,IP5.75 / EP6.5 / DP6.5 | 大敗でもDP/伸びで脚残り検出
柴崎 淳,23,28,-5,76.0,67.5,-8.5,8.0,3.8,-4.2,40.0,10.0,-30.0,47.5,0.0,-47.5,20.3,IP6.67 / EP5.0 / DP7.0 / BP7.25 | 位置取り負け由来の着悪化に注意
松本 秀之介,12,29,-17,76.0,72.0,-4.0,0.0,0.0,0.0,40.0,6.0,-34.0,70.0,0.0,-70.0,19.5,IP6.33 / EP7.0 / DP7.0 | 大敗でもDP/伸びで脚残り検出
香川雄介,10,30,-20,64.5,0.0,-64.5,33.7,4.2,-29.4,40.0,0.0,-40.0,50.0,0.0,-50.0,1.1,IP5.75 / BP7.25 | 今回は強い特徴信号は薄め
